{
"type": "FeatureCollection",
"name": "hospitals",
"crs": { "type": "name", "properties": { "name": "urn:ogc:def:crs:OGC:1.3:CRS84" } },
"features": [
{ "type": "Feature", "properties": { "element": "node", "id": 308811614, "name": "Hindu Mission Health Services, Kanchipuram", "amenity": "hospital", "healthcare": "hospital", "emergency": null, "facility_id": "hosp_0", "sampled_risk": 0.47279999, "is_safe": true, "safety_status": "Operational / Safe" }, "geometry": { "type": "Point", "coordinates": [ 80.1846471, 12.9787682 ] } },
{ "type": "Feature", "properties": { "element": "node", "id": 311429396, "name": "K.F. Hospital", "amenity": "hospital", "healthcare": "hospital", "emergency": null, "facility_id": "hosp_1", "sampled_risk": 0.56220001, "is_safe": false, "safety_status": "Inundation Risk / Unsafe" }, "geometry": { "type": "Point", "coordinates": [ 80.1841397, 12.973463 ] } },
{ "type": "Feature", "properties": { "element": "node", "id": 442508332, "name": "Sarswathi Hospital", "amenity": "hospital", "healthcare": "hospital", "emergency": null, "facility_id": "hosp_2", "sampled_risk": 0.658, "is_safe": false, "safety_status": "Inundation Risk / Unsafe" }, "geometry": { "type": "Point", "coordinates": [ 80.2067733, 12.9653846 ] } },
{ "type": "Feature", "properties": { "element": "node", "id": 591555028, "name": "skandan nursing home", "amenity": "hospital", "healthcare": "hospital", "emergency": null, "facility_id": "hosp_3", "sampled_risk": 0.47409999, "is_safe": true, "safety_status": "Operational / Safe" }, "geometry": { "type": "Point", "coordinates": [ 80.1405596, 12.9447938 ] } },
{ "type": "Feature", "properties": { "element": "node", "id": 983957837, "name": "Sankara Eye Hospital, Kanchipuram", "amenity": "hospital", "healthcare": "hospital", "emergency": null, "facility_id": "hosp_4", "sampled_risk": 0.40560001, "is_safe": true, "safety_status": "Operational / Safe" }, "geometry": { "type": "Point", "coordinates": [ 80.128212, 12.965059 ] } },
{ "type": "Feature", "properties": { "element": "node", "id": 1129195836, "name": "Medical Facility", "amenity": "hospital", "healthcare": null, "emergency": null, "facility_id": "hosp_5", "sampled_risk": 0.51, "is_safe": true, "safety_status": "Operational / Safe" }, "geometry": { "type": "Point", "coordinates": [ 80.1210689, 12.9445695 ] } },
{ "type": "Feature", "properties": { "element": "node", "id": 1789987574, "name": "Prime Care Nursing Home", "amenity": "hospital", "healthcare": "hospital", "emergency": null, "facility_id": "hosp_6", "sampled_risk": 0.65740001, "is_safe": false, "safety_status": "Inundation Risk / Unsafe" }, "geometry": { "type": "Point", "coordinates": [ 80.2044922, 12.9799192 ] } },
{ "type": "Feature", "properties": { "element": "node", "id": 1979247767, "name": "B.P. Jain Hospital (Sri Sankara Health Centre)", "amenity": "hospital", "healthcare": "hospital", "emergency": "yes", "facility_id": "hosp_7", "sampled_risk": 0.3827, "is_safe": true, "safety_status": "Operational / Safe" }, "geometry": { "type": "Point", "coordinates": [ 80.1339663, 12.9730642 ] } },
{ "type": "Feature", "properties": { "element": "node", "id": 2086712439, "name": "Medical Facility", "amenity": "hospital", "healthcare": "hospital", "emergency": null, "facility_id": "hosp_8", "sampled_risk": 0.54280001, "is_safe": false, "safety_status": "Inundation Risk / Unsafe" }, "geometry": { "type": "Point", "coordinates": [ 80.1855637, 12.9559409 ] } },
{ "type": "Feature", "properties": { "element": "node", "id": 2145405955, "name": "Sri Chakra Hospital", "amenity": "hospital", "healthcare": "hospital", "emergency": null, "facility_id": "hosp_9", "sampled_risk": 0.48859999, "is_safe": true, "safety_status": "Operational / Safe" }, "geometry": { "type": "Point", "coordinates": [ 80.1850278, 12.9786524 ] } },
{ "type": "Feature", "properties": { "element": "node", "id": 2162769565, "name": "RA Usha's clinic", "amenity": "clinic", "healthcare": "clinic", "emergency": null, "facility_id": "hosp_10", "sampled_risk": 0.53839999, "is_safe": false, "safety_status": "Inundation Risk / Unsafe" }, "geometry": { "type": "Point", "coordinates": [ 80.187629, 12.918328 ] } },
{ "type": "Feature", "properties": { "element": "node", "id": 2162770047, "name": "SV clinic", "amenity": "clinic", "healthcare": "clinic", "emergency": null, "facility_id": "hosp_11", "sampled_risk": 0.54100001, "is_safe": false, "safety_status": "Inundation Risk / Unsafe" }, "geometry": { "type": "Point", "coordinates": [ 80.187478, 12.917927 ] } },
{ "type": "Feature", "properties": { "element": "node", "id": 2162771723, "name": "SV Lab", "amenity": "clinic", "healthcare": "clinic", "emergency": null, "facility_id": "hosp_12", "sampled_risk": 0.54100001, "is_safe": false, "safety_status": "Inundation Risk / Unsafe" }, "geometry": { "type": "Point", "coordinates": [ 80.187416, 12.917897 ] } },
{ "type": "Feature", "properties": { "element": "node", "id": 2162771900, "name": "V-Care Clinic", "amenity": "clinic", "healthcare": "clinic", "emergency": null, "facility_id": "hosp_13", "sampled_risk": 0.53329998, "is_safe": true, "safety_status": "Operational / Safe" }, "geometry": { "type": "Point", "coordinates": [ 80.1873, 12.917246 ] } },
{ "type": "Feature", "properties": { "element": "node", "id": 2163785044, "name": "KK clinic", "amenity": "clinic", "healthcare": null, "emergency": null, "facility_id": "hosp_14", "sampled_risk": 0.428, "is_safe": true, "safety_status": "Operational / Safe" }, "geometry": { "type": "Point", "coordinates": [ 80.188974, 12.886344 ] } },
{ "type": "Feature", "properties": { "element": "node", "id": 2210056220, "name": "Rajan Hospital", "amenity": "hospital", "healthcare": null, "emergency": "no", "facility_id": "hosp_15", "sampled_risk": 0.4535, "is_safe": true, "safety_status": "Operational / Safe" }, "geometry": { "type": "Point", "coordinates": [ 80.1835976, 12.8928496 ] } },
{ "type": "Feature", "properties": { "element": "node", "id": 2517035814, "name": "Vasan Eye care", "amenity": "hospital", "healthcare": "hospital", "emergency": null, "facility_id": "hosp_16", "sampled_risk": 0.61879998, "is_safe": false, "safety_status": "Inundation Risk / Unsafe" }, "geometry": { "type": "Point", "coordinates": [ 80.191882, 12.9658002 ] } },
{ "type": "Feature", "properties": { "element": "node", "id": 2669702938, "name": "Sukrthi Nursing Home", "amenity": "hospital", "healthcare": "hospital", "emergency": "yes", "facility_id": "hosp_17", "sampled_risk": 0.6652, "is_safe": false, "safety_status": "Inundation Risk / Unsafe" }, "geometry": { "type": "Point", "coordinates": [ 80.2082964, 12.9710287 ] } },
{ "type": "Feature", "properties": { "element": "node", "id": 3157617785, "name": "Dr Mohan's Diabetes Hospital", "amenity": "hospital", "healthcare": "hospital", "emergency": null, "facility_id": "hosp_18", "sampled_risk": 0.4941, "is_safe": true, "safety_status": "Operational / Safe" }, "geometry": { "type": "Point", "coordinates": [ 80.1281333, 12.9255743 ] } },
{ "type": "Feature", "properties": { "element": "node", "id": 3664004950, "name": "Chellam Hospital", "amenity": "hospital", "healthcare": null, "emergency": null, "facility_id": "hosp_19", "sampled_risk": 0.47729999, "is_safe": true, "safety_status": "Operational / Safe" }, "geometry": { "type": "Point", "coordinates": [ 80.1583761, 12.9012946 ] } },
{ "type": "Feature", "properties": { "element": "node", "id": 3736313474, "name": "Ramana Children's Hospital", "amenity": "clinic", "healthcare": "clinic", "emergency": null, "facility_id": "hosp_20", "sampled_risk": 0.3624, "is_safe": true, "safety_status": "Operational / Safe" }, "geometry": { "type": "Point", "coordinates": [ 80.136095, 12.9519172 ] } },
{ "type": "Feature", "properties": { "element": "node", "id": 4329387869, "name": "Srinivasan Rajalakshmi Memorial Hospital", "amenity": "hospital", "healthcare": "hospital", "emergency": "yes", "facility_id": "hosp_21", "sampled_risk": 0.556, "is_safe": false, "safety_status": "Inundation Risk / Unsafe" }, "geometry": { "type": "Point", "coordinates": [ 80.187599, 12.9733792 ] } },
{ "type": "Feature", "properties": { "element": "node", "id": 4740298624, "name": "government child health center", "amenity": "hospital", "healthcare": "hospital", "emergency": "yes", "facility_id": "hosp_22", "sampled_risk": 0.51450002, "is_safe": true, "safety_status": "Operational / Safe" }, "geometry": { "type": "Point", "coordinates": [ 80.1274453, 12.9241666 ] } },
{ "type": "Feature", "properties": { "element": "node", "id": 4740298625, "name": "Christdas hospital", "amenity": "hospital", "healthcare": "hospital", "emergency": "yes", "facility_id": "hosp_23", "sampled_risk": 0.52630001, "is_safe": true, "safety_status": "Operational / Safe" }, "geometry": { "type": "Point", "coordinates": [ 80.1298204, 12.9229715 ] } },
{ "type": "Feature", "properties": { "element": "node", "id": 4783864424, "name": "Medical Facility", "amenity": "clinic", "healthcare": "clinic", "emergency": null, "facility_id": "hosp_24", "sampled_risk": 0.5309, "is_safe": true, "safety_status": "Operational / Safe" }, "geometry": { "type": "Point", "coordinates": [ 80.1422301, 12.9001585 ] } },
{ "type": "Feature", "properties": { "element": "node", "id": 4911069621, "name": "Medical Facility", "amenity": "clinic", "healthcare": "clinic", "emergency": null, "facility_id": "hosp_25", "sampled_risk": 0.52079999, "is_safe": true, "safety_status": "Operational / Safe" }, "geometry": { "type": "Point", "coordinates": [ 80.1268179, 12.9256804 ] } },
{ "type": "Feature", "properties": { "element": "node", "id": 4911075821, "name": "Medical Facility", "amenity": "hospital", "healthcare": "hospital", "emergency": null, "facility_id": "hosp_26", "sampled_risk": 0.5388, "is_safe": false, "safety_status": "Inundation Risk / Unsafe" }, "geometry": { "type": "Point", "coordinates": [ 80.1265186, 12.9261223 ] } },
{ "type": "Feature", "properties": { "element": "node", "id": 4911122921, "name": "Medical Facility", "amenity": "clinic", "healthcare": "clinic", "emergency": null, "facility_id": "hosp_27", "sampled_risk": 0.50749999, "is_safe": true, "safety_status": "Operational / Safe" }, "geometry": { "type": "Point", "coordinates": [ 80.1278607, 12.92663 ] } },
{ "type": "Feature", "properties": { "element": "node", "id": 4911144021, "name": "Medical Facility", "amenity": "clinic", "healthcare": "clinic", "emergency": null, "facility_id": "hosp_28", "sampled_risk": 0.5226, "is_safe": true, "safety_status": "Operational / Safe" }, "geometry": { "type": "Point", "coordinates": [ 80.1273883, 12.9270824 ] } },
{ "type": "Feature", "properties": { "element": "node", "id": 5087492830, "name": "Vani Nursing Home", "amenity": "clinic", "healthcare": "clinic", "emergency": null, "facility_id": "hosp_29", "sampled_risk": 0.45739999, "is_safe": true, "safety_status": "Operational / Safe" }, "geometry": { "type": "Point", "coordinates": [ 80.1503389, 12.9224213 ] } },
{ "type": "Feature", "properties": { "element": "node", "id": 5087492831, "name": "Dr padma clinic", "amenity": "clinic", "healthcare": "clinic", "emergency": null, "facility_id": "hosp_30", "sampled_risk": 0.52170002, "is_safe": true, "safety_status": "Operational / Safe" }, "geometry": { "type": "Point", "coordinates": [ 80.1277373, 12.923675 ] } },
{ "type": "Feature", "properties": { "element": "node", "id": 5087493136, "name": "Sugam homeopathic hospital", "amenity": "hospital", "healthcare": "hospital", "emergency": null, "facility_id": "hosp_31", "sampled_risk": 0.538, "is_safe": false, "safety_status": "Inundation Risk / Unsafe" }, "geometry": { "type": "Point", "coordinates": [ 80.130824, 12.9230989 ] } },
{ "type": "Feature", "properties": { "element": "node", "id": 5087493227, "name": "Dr. KK eye care center", "amenity": "hospital", "healthcare": "hospital", "emergency": null, "facility_id": "hosp_32", "sampled_risk": 0.60229999, "is_safe": false, "safety_status": "Inundation Risk / Unsafe" }, "geometry": { "type": "Point", "coordinates": [ 80.1381329, 12.9220657 ] } },
{ "type": "Feature", "properties": { "element": "node", "id": 5087493324, "name": "Be Well Hospital", "amenity": "hospital", "healthcare": "hospital", "emergency": "yes", "facility_id": "hosp_33", "sampled_risk": 0.49700001, "is_safe": true, "safety_status": "Operational / Safe" }, "geometry": { "type": "Point", "coordinates": [ 80.1417788, 12.9220102 ] } },
{ "type": "Feature", "properties": { "element": "node", "id": 5087493921, "name": "CMC poly clinic", "amenity": "clinic", "healthcare": null, "emergency": null, "facility_id": "hosp_34", "sampled_risk": 0.47130001, "is_safe": true, "safety_status": "Operational / Safe" }, "geometry": { "type": "Point", "coordinates": [ 80.1484099, 12.9227777 ] } },
{ "type": "Feature", "properties": { "element": "node", "id": 5090924224, "name": "Chellam Super Speciality Center", "amenity": "hospital", "healthcare": "hospital", "emergency": null, "facility_id": "hosp_35", "sampled_risk": 0.51660001, "is_safe": true, "safety_status": "Operational / Safe" }, "geometry": { "type": "Point", "coordinates": [ 80.1589529, 12.9237851 ] } },
{ "type": "Feature", "properties": { "element": "node", "id": 5090926024, "name": "New Life Hospital", "amenity": "hospital", "healthcare": "hospital", "emergency": "yes", "facility_id": "hosp_36", "sampled_risk": 0.45179999, "is_safe": true, "safety_status": "Operational / Safe" }, "geometry": { "type": "Point", "coordinates": [ 80.1522357, 12.9225168 ] } },
{ "type": "Feature", "properties": { "element": "node", "id": 5258976324, "name": "Government Health Center", "amenity": "hospital", "healthcare": "hospital", "emergency": null, "facility_id": "hosp_37", "sampled_risk": 0.59509999, "is_safe": false, "safety_status": "Inundation Risk / Unsafe" }, "geometry": { "type": "Point", "coordinates": [ 80.151595, 12.885562 ] } },
{ "type": "Feature", "properties": { "element": "node", "id": 5259008321, "name": "Annai Therasa Hospital", "amenity": "hospital", "healthcare": "hospital", "emergency": null, "facility_id": "hosp_38", "sampled_risk": 0.52679998, "is_safe": true, "safety_status": "Operational / Safe" }, "geometry": { "type": "Point", "coordinates": [ 80.1412614, 12.8917407 ] } },
{ "type": "Feature", "properties": { "element": "node", "id": 5259088422, "name": "Government Veterinary Hospital", "amenity": "hospital", "healthcare": "hospital", "emergency": null, "facility_id": "hosp_39", "sampled_risk": 0.59909999, "is_safe": false, "safety_status": "Inundation Risk / Unsafe" }, "geometry": { "type": "Point", "coordinates": [ 80.1522823, 12.8855161 ] } },
{ "type": "Feature", "properties": { "element": "node", "id": 5259129922, "name": "Medical Facility", "amenity": "hospital", "healthcare": "hospital", "emergency": null, "facility_id": "hosp_40", "sampled_risk": 0.50029999, "is_safe": true, "safety_status": "Operational / Safe" }, "geometry": { "type": "Point", "coordinates": [ 80.1437903, 12.9207467 ] } },
{ "type": "Feature", "properties": { "element": "node", "id": 5259141323, "name": "Medical Facility", "amenity": "hospital", "healthcare": "hospital", "emergency": null, "facility_id": "hosp_41", "sampled_risk": 0.50260001, "is_safe": true, "safety_status": "Operational / Safe" }, "geometry": { "type": "Point", "coordinates": [ 80.1443788, 12.9201133 ] } },
{ "type": "Feature", "properties": { "element": "node", "id": 5302938624, "name": "Kottakkal Arya Vaidhyasala", "amenity": "hospital", "healthcare": "hospital", "emergency": "no", "facility_id": "hosp_42", "sampled_risk": 0.49649999, "is_safe": true, "safety_status": "Operational / Safe" }, "geometry": { "type": "Point", "coordinates": [ 80.1443905, 12.9203722 ] } },
{ "type": "Feature", "properties": { "element": "node", "id": 5792664046, "name": "Qure Ortho Clinic, Physiotherapy, X Ray & Pharmacy", "amenity": "hospital", "healthcare": "hospital", "emergency": null, "facility_id": "hosp_43", "sampled_risk": 0.65009999, "is_safe": false, "safety_status": "Inundation Risk / Unsafe" }, "geometry": { "type": "Point", "coordinates": [ 80.2043658, 12.9794 ] } },
{ "type": "Feature", "properties": { "element": "node", "id": 6138546488, "name": "Dr.Agarwal's Eye Hospital Ltd, Tambaram", "amenity": "hospital", "healthcare": "hospital", "emergency": null, "facility_id": "hosp_44", "sampled_risk": 0.56819999, "is_safe": false, "safety_status": "Inundation Risk / Unsafe" }, "geometry": { "type": "Point", "coordinates": [ 80.1200478, 12.929761 ] } },
{ "type": "Feature", "properties": { "element": "node", "id": 6914764645, "name": "Dr. A. L. Annamalais Ent Care Centre", "amenity": "hospital", "healthcare": "hospital", "emergency": null, "facility_id": "hosp_45", "sampled_risk": 0.45660001, "is_safe": true, "safety_status": "Operational / Safe" }, "geometry": { "type": "Point", "coordinates": [ 80.1388438, 12.9439622 ] } },
{ "type": "Feature", "properties": { "element": "node", "id": 6914767985, "name": "A G Chrompet Health And Maternity Centre", "amenity": "hospital", "healthcare": "hospital", "emergency": null, "facility_id": "hosp_46", "sampled_risk": 0.4091, "is_safe": true, "safety_status": "Operational / Safe" }, "geometry": { "type": "Point", "coordinates": [ 80.1438314, 12.9504411 ] } },
{ "type": "Feature", "properties": { "element": "node", "id": 6914768062, "name": "Mano Hospital", "amenity": "hospital", "healthcare": "hospital", "emergency": null, "facility_id": "hosp_47", "sampled_risk": 0.3944, "is_safe": true, "safety_status": "Operational / Safe" }, "geometry": { "type": "Point", "coordinates": [ 80.0961417, 12.9223261 ] } },
{ "type": "Feature", "properties": { "element": "node", "id": 6914896213, "name": "R.K. Nursing Home, Kanchipuram", "amenity": "clinic", "healthcare": "clinic", "emergency": null, "facility_id": "hosp_48", "sampled_risk": 0.48010001, "is_safe": true, "safety_status": "Operational / Safe" }, "geometry": { "type": "Point", "coordinates": [ 80.1416239, 12.945698 ] } },
{ "type": "Feature", "properties": { "element": "node", "id": 6915219120, "name": "LK Hospitals", "amenity": "hospital", "healthcare": "hospital", "emergency": null, "facility_id": "hosp_49", "sampled_risk": 0.42829999, "is_safe": true, "safety_status": "Operational / Safe" }, "geometry": { "type": "Point", "coordinates": [ 80.1480083, 12.9701347 ] } },
{ "type": "Feature", "properties": { "element": "node", "id": 6915231638, "name": "Devibala Maternity", "amenity": "hospital", "healthcare": "hospital", "emergency": null, "facility_id": "hosp_50", "sampled_risk": 0.46039999, "is_safe": true, "safety_status": "Operational / Safe" }, "geometry": { "type": "Point", "coordinates": [ 80.1378152, 12.971439 ] } },
{ "type": "Feature", "properties": { "element": "node", "id": 6915413133, "name": "S K Nursing Home Pvt Ltd", "amenity": "hospital", "healthcare": "hospital", "emergency": null, "facility_id": "hosp_51", "sampled_risk": 0.60960001, "is_safe": false, "safety_status": "Inundation Risk / Unsafe" }, "geometry": { "type": "Point", "coordinates": [ 80.1170864, 12.9289316 ] } },
{ "type": "Feature", "properties": { "element": "node", "id": 6915563707, "name": "Deepam Hospital", "amenity": "hospital", "healthcare": "hospital", "emergency": null, "facility_id": "hosp_52", "sampled_risk": 0.5869, "is_safe": false, "safety_status": "Inundation Risk / Unsafe" }, "geometry": { "type": "Point", "coordinates": [ 80.1174378, 12.9294095 ] } },
{ "type": "Feature", "properties": { "element": "node", "id": 6916036803, "name": "Divya Hospital", "amenity": "hospital", "healthcare": "hospital", "emergency": null, "facility_id": "hosp_53", "sampled_risk": 0.57010001, "is_safe": false, "safety_status": "Inundation Risk / Unsafe" }, "geometry": { "type": "Point", "coordinates": [ 80.187601, 12.9644392 ] } },
{ "type": "Feature", "properties": { "element": "node", "id": 6926049961, "name": "Gowri Nursing Home, Kanchipuram", "amenity": "hospital", "healthcare": "hospital", "emergency": null, "facility_id": "hosp_54", "sampled_risk": 0.5772, "is_safe": false, "safety_status": "Inundation Risk / Unsafe" }, "geometry": { "type": "Point", "coordinates": [ 80.1883923, 12.9779713 ] } },
{ "type": "Feature", "properties": { "element": "node", "id": 6926055599, "name": "Christudas Orthopaedic Speciality Hospital", "amenity": "hospital", "healthcare": "hospital", "emergency": null, "facility_id": "hosp_55", "sampled_risk": 0.53899997, "is_safe": false, "safety_status": "Inundation Risk / Unsafe" }, "geometry": { "type": "Point", "coordinates": [ 80.127482, 12.9214137 ] } },
{ "type": "Feature", "properties": { "element": "node", "id": 6926055921, "name": "Gajanan Hospitals Pvt Ltd", "amenity": "hospital", "healthcare": "hospital", "emergency": null, "facility_id": "hosp_56", "sampled_risk": 0.49610001, "is_safe": true, "safety_status": "Operational / Safe" }, "geometry": { "type": "Point", "coordinates": [ 80.1117714, 12.9264396 ] } },
{ "type": "Feature", "properties": { "element": "node", "id": 6926082101, "name": "I Care Eye Care Eye Institute", "amenity": "hospital", "healthcare": "hospital", "emergency": null, "facility_id": "hosp_57", "sampled_risk": 0.44800001, "is_safe": true, "safety_status": "Operational / Safe" }, "geometry": { "type": "Point", "coordinates": [ 80.1437791, 12.943659 ] } },
{ "type": "Feature", "properties": { "element": "node", "id": 6926437476, "name": "Grace Multipeciality Hospital", "amenity": "hospital", "healthcare": "hospital", "emergency": null, "facility_id": "hosp_58", "sampled_risk": 0.56639999, "is_safe": false, "safety_status": "Inundation Risk / Unsafe" }, "geometry": { "type": "Point", "coordinates": [ 80.1867561, 12.9569773 ] } },
{ "type": "Feature", "properties": { "element": "node", "id": 6928330765, "name": "Sri Kumaran Hospital", "amenity": "hospital", "healthcare": "hospital", "emergency": null, "facility_id": "hosp_59", "sampled_risk": 0.53049999, "is_safe": true, "safety_status": "Operational / Safe" }, "geometry": { "type": "Point", "coordinates": [ 80.1118621, 12.9278474 ] } },
{ "type": "Feature", "properties": { "element": "node", "id": 6928481484, "name": "Dr. K.K. Surgical and Paediatric Centre Pvt Ltd", "amenity": "hospital", "healthcare": "hospital", "emergency": null, "facility_id": "hosp_60", "sampled_risk": 0.58859998, "is_safe": false, "safety_status": "Inundation Risk / Unsafe" }, "geometry": { "type": "Point", "coordinates": [ 80.1382443, 12.9220372 ] } },
{ "type": "Feature", "properties": { "element": "node", "id": 6929229178, "name": "National Institute Of Siddha Department Of Ayush", "amenity": "hospital", "healthcare": "hospital", "emergency": null, "facility_id": "hosp_61", "sampled_risk": 0.52789998, "is_safe": true, "safety_status": "Operational / Safe" }, "geometry": { "type": "Point", "coordinates": [ 80.1279768, 12.9393262 ] } },
{ "type": "Feature", "properties": { "element": "node", "id": 6929359056, "name": "B.M. Silver Jubilee Multi Speciality Hospital", "amenity": "hospital", "healthcare": "hospital", "emergency": null, "facility_id": "hosp_62", "sampled_risk": 0.318, "is_safe": true, "safety_status": "Operational / Safe" }, "geometry": { "type": "Point", "coordinates": [ 80.1522294, 12.9646856 ] } },
{ "type": "Feature", "properties": { "element": "node", "id": 6929359074, "name": "Bethesda Hospital and Child Care Centre", "amenity": "hospital", "healthcare": "hospital", "emergency": null, "facility_id": "hosp_63", "sampled_risk": 0.50639999, "is_safe": true, "safety_status": "Operational / Safe" }, "geometry": { "type": "Point", "coordinates": [ 80.1450997, 12.9217796 ] } },
{ "type": "Feature", "properties": { "element": "node", "id": 6929592183, "name": "Balagandhara Varma Nursing Home and Research Center", "amenity": "clinic", "healthcare": "clinic", "emergency": null, "facility_id": "hosp_64", "sampled_risk": 0.57779998, "is_safe": false, "safety_status": "Inundation Risk / Unsafe" }, "geometry": { "type": "Point", "coordinates": [ 80.2082151, 12.9378832 ] } },
{ "type": "Feature", "properties": { "element": "node", "id": 6929625889, "name": "Babu's Maternity Hospital", "amenity": "hospital", "healthcare": "hospital", "emergency": null, "facility_id": "hosp_65", "sampled_risk": 0.59119999, "is_safe": false, "safety_status": "Inundation Risk / Unsafe" }, "geometry": { "type": "Point", "coordinates": [ 80.1194769, 12.9294917 ] } },
{ "type": "Feature", "properties": { "element": "node", "id": 6929625900, "name": "B.S. Hospital", "amenity": "hospital", "healthcare": "hospital", "emergency": null, "facility_id": "hosp_66", "sampled_risk": 0.447, "is_safe": true, "safety_status": "Operational / Safe" }, "geometry": { "type": "Point", "coordinates": [ 80.1384374, 12.9343227 ] } },
{ "type": "Feature", "properties": { "element": "node", "id": 6931435323, "name": "Dr.Kumar'S Ortho Clinic", "amenity": "clinic", "healthcare": "clinic", "emergency": null, "facility_id": "hosp_67", "sampled_risk": 0.36950001, "is_safe": true, "safety_status": "Operational / Safe" }, "geometry": { "type": "Point", "coordinates": [ 80.1384495, 12.9512606 ] } },
{ "type": "Feature", "properties": { "element": "node", "id": 6932966227, "name": "Lakshmi Clinic", "amenity": "clinic", "healthcare": "clinic", "emergency": null, "facility_id": "hosp_68", "sampled_risk": 0.57309997, "is_safe": false, "safety_status": "Inundation Risk / Unsafe" }, "geometry": { "type": "Point", "coordinates": [ 80.1859635, 12.9574752 ] } },
{ "type": "Feature", "properties": { "element": "node", "id": 6932999583, "name": "NN Hospital", "amenity": "hospital", "healthcare": "hospital", "emergency": null, "facility_id": "hosp_69", "sampled_risk": 0.5733, "is_safe": false, "safety_status": "Inundation Risk / Unsafe" }, "geometry": { "type": "Point", "coordinates": [ 80.1188466, 12.9300969 ] } },
{ "type": "Feature", "properties": { "element": "node", "id": 6933510835, "name": "Jyothsana Nursing Home", "amenity": "clinic", "healthcare": "clinic", "emergency": null, "facility_id": "hosp_70", "sampled_risk": 0.46270001, "is_safe": true, "safety_status": "Operational / Safe" }, "geometry": { "type": "Point", "coordinates": [ 80.1399234, 12.9461162 ] } },
{ "type": "Feature", "properties": { "element": "node", "id": 6933510862, "name": "Jip Diabetic and Heart Care Centre", "amenity": "hospital", "healthcare": "hospital", "emergency": null, "facility_id": "hosp_71", "sampled_risk": 0.2674, "is_safe": true, "safety_status": "Operational / Safe" }, "geometry": { "type": "Point", "coordinates": [ 80.141636, 12.9548325 ] } },
{ "type": "Feature", "properties": { "element": "node", "id": 6933514313, "name": "Jawahar Hospital, Kanchipuram", "amenity": "hospital", "healthcare": "hospital", "emergency": null, "facility_id": "hosp_72", "sampled_risk": 0.54390001, "is_safe": false, "safety_status": "Inundation Risk / Unsafe" }, "geometry": { "type": "Point", "coordinates": [ 80.123004, 12.9335502 ] } },
{ "type": "Feature", "properties": { "element": "node", "id": 6933514323, "name": "Janani Nursing Home Pvt Ltd", "amenity": "clinic", "healthcare": "clinic", "emergency": null, "facility_id": "hosp_73", "sampled_risk": 0.53600001, "is_safe": true, "safety_status": "Operational / Safe" }, "geometry": { "type": "Point", "coordinates": [ 80.1388706, 12.9194987 ] } },
{ "type": "Feature", "properties": { "element": "node", "id": 6934031649, "name": "Sri G.M. Hospital", "amenity": "hospital", "healthcare": "hospital", "emergency": null, "facility_id": "hosp_74", "sampled_risk": 0.6275, "is_safe": false, "safety_status": "Inundation Risk / Unsafe" }, "geometry": { "type": "Point", "coordinates": [ 80.1927643, 12.9652266 ] } },
{ "type": "Feature", "properties": { "element": "node", "id": 6934061609, "name": "Srichakara Multispeciality Hospital", "amenity": "hospital", "healthcare": "hospital", "emergency": null, "facility_id": "hosp_75", "sampled_risk": 0.48949999, "is_safe": true, "safety_status": "Operational / Safe" }, "geometry": { "type": "Point", "coordinates": [ 80.1851381, 12.97853 ] } },
{ "type": "Feature", "properties": { "element": "node", "id": 6934139598, "name": "Arvind Sai Eye Hospital", "amenity": "hospital", "healthcare": "hospital", "emergency": null, "facility_id": "hosp_76", "sampled_risk": 0.43239999, "is_safe": true, "safety_status": "Operational / Safe" }, "geometry": { "type": "Point", "coordinates": [ 80.1371252, 12.9731392 ] } },
{ "type": "Feature", "properties": { "element": "node", "id": 6934155951, "name": "Sindu Hospital", "amenity": "hospital", "healthcare": "hospital", "emergency": null, "facility_id": "hosp_77", "sampled_risk": 0.50019997, "is_safe": true, "safety_status": "Operational / Safe" }, "geometry": { "type": "Point", "coordinates": [ 80.1434009, 12.9206582 ] } },
{ "type": "Feature", "properties": { "element": "node", "id": 6934163318, "name": "Sibi Hospital", "amenity": "hospital", "healthcare": "hospital", "emergency": null, "facility_id": "hosp_78", "sampled_risk": 0.50700003, "is_safe": true, "safety_status": "Operational / Safe" }, "geometry": { "type": "Point", "coordinates": [ 80.1904562, 12.9697917 ] } },
{ "type": "Feature", "properties": { "element": "node", "id": 6934270989, "name": "Anjakha Hospital", "amenity": "hospital", "healthcare": "hospital", "emergency": null, "facility_id": "hosp_79", "sampled_risk": 0.59780002, "is_safe": false, "safety_status": "Inundation Risk / Unsafe" }, "geometry": { "type": "Point", "coordinates": [ 80.1880047, 12.9637407 ] } },
{ "type": "Feature", "properties": { "element": "node", "id": 6934271042, "name": "M.S.M. Skin and Hair Care Clinic", "amenity": "hospital", "healthcare": "hospital", "emergency": null, "facility_id": "hosp_80", "sampled_risk": 0.3441, "is_safe": true, "safety_status": "Operational / Safe" }, "geometry": { "type": "Point", "coordinates": [ 80.1438126, 12.9521441 ] } },
{ "type": "Feature", "properties": { "element": "node", "id": 6934737010, "name": "Srm Medical College Hospital And Research Centre", "amenity": "hospital", "healthcare": null, "emergency": null, "facility_id": "hosp_81", "sampled_risk": 0.53979999, "is_safe": false, "safety_status": "Inundation Risk / Unsafe" }, "geometry": { "type": "Point", "coordinates": [ 80.0479585, 12.8210402 ] } },
{ "type": "Feature", "properties": { "element": "node", "id": 6934768345, "name": "K. H. Nursing Home", "amenity": "clinic", "healthcare": "clinic", "emergency": null, "facility_id": "hosp_82", "sampled_risk": 0.3511, "is_safe": true, "safety_status": "Operational / Safe" }, "geometry": { "type": "Point", "coordinates": [ 80.1475489, 12.9512004 ] } },
{ "type": "Feature", "properties": { "element": "node", "id": 6935159758, "name": "Thirimoorthys Heart Care Hospital", "amenity": "hospital", "healthcare": "hospital", "emergency": null, "facility_id": "hosp_83", "sampled_risk": 0.52100003, "is_safe": true, "safety_status": "Operational / Safe" }, "geometry": { "type": "Point", "coordinates": [ 80.1867983, 12.9673347 ] } },
{ "type": "Feature", "properties": { "element": "node", "id": 6936134766, "name": "Medical Facility", "amenity": "hospital", "healthcare": "hospital", "emergency": null, "facility_id": "hosp_84", "sampled_risk": 0.46579999, "is_safe": true, "safety_status": "Operational / Safe" }, "geometry": { "type": "Point", "coordinates": [ 80.1690781, 12.9498348 ] } },
{ "type": "Feature", "properties": { "element": "node", "id": 6936149808, "name": "Rrase Nursing Home", "amenity": "clinic", "healthcare": "clinic", "emergency": null, "facility_id": "hosp_85", "sampled_risk": 0.30019999, "is_safe": true, "safety_status": "Operational / Safe" }, "geometry": { "type": "Point", "coordinates": [ 80.1411398, 12.953421 ] } },
{ "type": "Feature", "properties": { "element": "node", "id": 6936339685, "name": "Sundar Health Centre", "amenity": "clinic", "healthcare": "clinic", "emergency": null, "facility_id": "hosp_86", "sampled_risk": 0.63489997, "is_safe": false, "safety_status": "Inundation Risk / Unsafe" }, "geometry": { "type": "Point", "coordinates": [ 80.1184121, 12.9284225 ] } },
{ "type": "Feature", "properties": { "element": "node", "id": 6936663153, "name": "Velachery K S Hospital", "amenity": "hospital", "healthcare": "hospital", "emergency": null, "facility_id": "hosp_87", "sampled_risk": 0.65859997, "is_safe": false, "safety_status": "Inundation Risk / Unsafe" }, "geometry": { "type": "Point", "coordinates": [ 80.2114016, 12.9763914 ] } },
{ "type": "Feature", "properties": { "element": "node", "id": 6936695215, "name": "சுபிக்ஷா மருத்துவமனை", "amenity": "hospital", "healthcare": "hospital", "emergency": null, "facility_id": "hosp_88", "sampled_risk": 0.45070001, "is_safe": true, "safety_status": "Operational / Safe" }, "geometry": { "type": "Point", "coordinates": [ 80.1387607, 12.9740991 ] } },
{ "type": "Feature", "properties": { "element": "node", "id": 6936740122, "name": "Manushree Nursing Home", "amenity": "clinic", "healthcare": "clinic", "emergency": null, "facility_id": "hosp_89", "sampled_risk": 0.3601, "is_safe": true, "safety_status": "Operational / Safe" }, "geometry": { "type": "Point", "coordinates": [ 80.0946544, 12.9063092 ] } },
{ "type": "Feature", "properties": { "element": "node", "id": 6937550378, "name": "Surya Physiotherapy Clinic", "amenity": "clinic", "healthcare": "clinic", "emergency": null, "facility_id": "hosp_90", "sampled_risk": 0.3574, "is_safe": true, "safety_status": "Operational / Safe" }, "geometry": { "type": "Point", "coordinates": [ 80.1463768, 12.9513926 ] } },
{ "type": "Feature", "properties": { "element": "node", "id": 6937630622, "name": "Kasthuri Hospital, Chennai", "amenity": "hospital", "healthcare": "hospital", "emergency": null, "facility_id": "hosp_91", "sampled_risk": 0.5675, "is_safe": false, "safety_status": "Inundation Risk / Unsafe" }, "geometry": { "type": "Point", "coordinates": [ 80.1146503, 12.9269402 ] } },
{ "type": "Feature", "properties": { "element": "node", "id": 6950278739, "name": "S.G.S. Nursing Home", "amenity": "clinic", "healthcare": "clinic", "emergency": null, "facility_id": "hosp_92", "sampled_risk": 0.4129, "is_safe": true, "safety_status": "Operational / Safe" }, "geometry": { "type": "Point", "coordinates": [ 80.146928, 12.9460718 ] } },
{ "type": "Feature", "properties": { "element": "node", "id": 7257289020, "name": "Samyuktaa Maternity Hospital", "amenity": "hospital", "healthcare": "hospital", "emergency": null, "facility_id": "hosp_93", "sampled_risk": 0.35910001, "is_safe": true, "safety_status": "Operational / Safe" }, "geometry": { "type": "Point", "coordinates": [ 80.0801055, 12.9174209 ] } },
{ "type": "Feature", "properties": { "element": "node", "id": 7257289034, "name": "Christhudass Hospital", "amenity": "hospital", "healthcare": "hospital", "emergency": null, "facility_id": "hosp_94", "sampled_risk": 0.36219999, "is_safe": true, "safety_status": "Operational / Safe" }, "geometry": { "type": "Point", "coordinates": [ 80.0666869, 12.8515647 ] } },
{ "type": "Feature", "properties": { "element": "node", "id": 7257289045, "name": "K.R. Hospital", "amenity": "hospital", "healthcare": "hospital", "emergency": null, "facility_id": "hosp_95", "sampled_risk": 0.392, "is_safe": true, "safety_status": "Operational / Safe" }, "geometry": { "type": "Point", "coordinates": [ 80.0576052, 12.842395 ] } },
{ "type": "Feature", "properties": { "element": "node", "id": 7257289060, "name": "Tagore Medical College Hospital", "amenity": "hospital", "healthcare": null, "emergency": null, "facility_id": "hosp_96", "sampled_risk": 0.5212, "is_safe": true, "safety_status": "Operational / Safe" }, "geometry": { "type": "Point", "coordinates": [ 80.1358744, 12.8601332 ] } },
{ "type": "Feature", "properties": { "element": "node", "id": 7257289067, "name": "Vani Nursing Home", "amenity": "clinic", "healthcare": "clinic", "emergency": null, "facility_id": "hosp_97", "sampled_risk": 0.46, "is_safe": true, "safety_status": "Operational / Safe" }, "geometry": { "type": "Point", "coordinates": [ 80.1501746, 12.9222915 ] } },
{ "type": "Feature", "properties": { "element": "node", "id": 7257289073, "name": "Sundar Health clinic", "amenity": "clinic", "healthcare": "clinic", "emergency": null, "facility_id": "hosp_98", "sampled_risk": 0.63489997, "is_safe": false, "safety_status": "Inundation Risk / Unsafe" }, "geometry": { "type": "Point", "coordinates": [ 80.1183968, 12.928407 ] } },
{ "type": "Feature", "properties": { "element": "node", "id": 7257289080, "name": "Janani Nursing Home", "amenity": "clinic", "healthcare": null, "emergency": null, "facility_id": "hosp_99", "sampled_risk": 0.48230001, "is_safe": true, "safety_status": "Operational / Safe" }, "geometry": { "type": "Point", "coordinates": [ 80.1438428, 12.9114903 ] } },
{ "type": "Feature", "properties": { "element": "node", "id": 7257289090, "name": "Shri Isari Velan Hospital", "amenity": "hospital", "healthcare": "hospital", "emergency": null, "facility_id": "hosp_100", "sampled_risk": 0.48320001, "is_safe": true, "safety_status": "Operational / Safe" }, "geometry": { "type": "Point", "coordinates": [ 80.1972613, 12.846693 ] } },
{ "type": "Feature", "properties": { "element": "node", "id": 7257289121, "name": "Vn Allergy & Asthma Research Centre", "amenity": "hospital", "healthcare": "hospital", "emergency": null, "facility_id": "hosp_101", "sampled_risk": 0.53210002, "is_safe": true, "safety_status": "Operational / Safe" }, "geometry": { "type": "Point", "coordinates": [ 80.1125421, 12.9275229 ] } },
{ "type": "Feature", "properties": { "element": "node", "id": 7257289123, "name": "Suraj Hospital", "amenity": "hospital", "healthcare": "hospital", "emergency": null, "facility_id": "hosp_102", "sampled_risk": 0.54820001, "is_safe": false, "safety_status": "Inundation Risk / Unsafe" }, "geometry": { "type": "Point", "coordinates": [ 80.1967559, 12.9107782 ] } },
{ "type": "Feature", "properties": { "element": "node", "id": 7257289126, "name": "Bethesda Medical Mission Hospital", "amenity": "hospital", "healthcare": "hospital", "emergency": null, "facility_id": "hosp_103", "sampled_risk": 0.5255, "is_safe": true, "safety_status": "Operational / Safe" }, "geometry": { "type": "Point", "coordinates": [ 80.102998, 12.92622 ] } },
{ "type": "Feature", "properties": { "element": "node", "id": 7257421555, "name": "Arun Hospital", "amenity": "hospital", "healthcare": "hospital", "emergency": null, "facility_id": "hosp_104", "sampled_risk": 0.5284, "is_safe": true, "safety_status": "Operational / Safe" }, "geometry": { "type": "Point", "coordinates": [ 80.1828683, 12.9408644 ] } },
{ "type": "Feature", "properties": { "element": "node", "id": 7257421563, "name": "Shree Eye & Maternity Hospital", "amenity": "hospital", "healthcare": "hospital", "emergency": null, "facility_id": "hosp_105", "sampled_risk": 0.3427, "is_safe": true, "safety_status": "Operational / Safe" }, "geometry": { "type": "Point", "coordinates": [ 80.1442251, 12.9521921 ] } },
{ "type": "Feature", "properties": { "element": "node", "id": 7257421573, "name": "Government Hospital, Tambaram", "amenity": "hospital", "healthcare": "hospital", "emergency": null, "facility_id": "hosp_106", "sampled_risk": 0.40090001, "is_safe": true, "safety_status": "Operational / Safe" }, "geometry": { "type": "Point", "coordinates": [ 80.13456, 12.94505 ] } },
{ "type": "Feature", "properties": { "element": "node", "id": 7257421582, "name": "Vijayam Hospital & Fertility Centre", "amenity": "hospital", "healthcare": "hospital", "emergency": null, "facility_id": "hosp_107", "sampled_risk": 0.59719998, "is_safe": false, "safety_status": "Inundation Risk / Unsafe" }, "geometry": { "type": "Point", "coordinates": [ 80.187198, 12.95866 ] } },
{ "type": "Feature", "properties": { "element": "node", "id": 7257421607, "name": "Agash Nursing Home", "amenity": "clinic", "healthcare": "clinic", "emergency": null, "facility_id": "hosp_108", "sampled_risk": 0.39840001, "is_safe": true, "safety_status": "Operational / Safe" }, "geometry": { "type": "Point", "coordinates": [ 80.1376942, 12.9488228 ] } },
{ "type": "Feature", "properties": { "element": "node", "id": 7257421619, "name": "T.K.R. Hospital", "amenity": "hospital", "healthcare": "hospital", "emergency": null, "facility_id": "hosp_109", "sampled_risk": 0.53109998, "is_safe": true, "safety_status": "Operational / Safe" }, "geometry": { "type": "Point", "coordinates": [ 80.1807557, 12.9342227 ] } },
{ "type": "Feature", "properties": { "element": "node", "id": 7257421620, "name": "Ram Skin Clinic", "amenity": "clinic", "healthcare": "clinic", "emergency": null, "facility_id": "hosp_110", "sampled_risk": 0.66, "is_safe": false, "safety_status": "Inundation Risk / Unsafe" }, "geometry": { "type": "Point", "coordinates": [ 80.2040772, 12.9771173 ] } },
{ "type": "Feature", "properties": { "element": "node", "id": 7652449746, "name": "Malar Clinic", "amenity": "hospital", "healthcare": "hospital", "emergency": "no", "facility_id": "hosp_111", "sampled_risk": 0.6293, "is_safe": false, "safety_status": "Inundation Risk / Unsafe" }, "geometry": { "type": "Point", "coordinates": [ 80.1958518, 12.9645886 ] } },
{ "type": "Feature", "properties": { "element": "node", "id": 7820652166, "name": "Rehoboth Healthcare Centre", "amenity": "hospital", "healthcare": null, "emergency": null, "facility_id": "hosp_112", "sampled_risk": 0.40920001, "is_safe": true, "safety_status": "Operational / Safe" }, "geometry": { "type": "Point", "coordinates": [ 80.036597, 12.949675 ] } },
{ "type": "Feature", "properties": { "element": "node", "id": 7820874202, "name": "S.K.S. Clinic", "amenity": "clinic", "healthcare": "clinic", "emergency": null, "facility_id": "hosp_113", "sampled_risk": 0.4465, "is_safe": true, "safety_status": "Operational / Safe" }, "geometry": { "type": "Point", "coordinates": [ 80.061486, 12.84604 ] } },
{ "type": "Feature", "properties": { "element": "node", "id": 7820874203, "name": "Arokya Annai Hospital", "amenity": "hospital", "healthcare": "hospital", "emergency": null, "facility_id": "hosp_114", "sampled_risk": 0.3163, "is_safe": true, "safety_status": "Operational / Safe" }, "geometry": { "type": "Point", "coordinates": [ 80.0869154, 12.8467495 ] } },
{ "type": "Feature", "properties": { "element": "node", "id": 7820874204, "name": "Mohan's Ent Clinic", "amenity": "clinic", "healthcare": "clinic", "emergency": null, "facility_id": "hosp_115", "sampled_risk": 0.4382, "is_safe": true, "safety_status": "Operational / Safe" }, "geometry": { "type": "Point", "coordinates": [ 80.0561022, 12.8409901 ] } },
{ "type": "Feature", "properties": { "element": "node", "id": 7820874207, "name": "Chitalekha Nursing Home", "amenity": "clinic", "healthcare": "clinic", "emergency": null, "facility_id": "hosp_116", "sampled_risk": 0.3617, "is_safe": true, "safety_status": "Operational / Safe" }, "geometry": { "type": "Point", "coordinates": [ 80.0935673, 12.9057364 ] } },
{ "type": "Feature", "properties": { "element": "node", "id": 7820874208, "name": "Esskay Speciality Clinic", "amenity": "clinic", "healthcare": null, "emergency": null, "facility_id": "hosp_117", "sampled_risk": 0.37509999, "is_safe": true, "safety_status": "Operational / Safe" }, "geometry": { "type": "Point", "coordinates": [ 80.0538937, 12.8498789 ] } },
{ "type": "Feature", "properties": { "element": "node", "id": 7820874209, "name": "Homeopathic Clinic", "amenity": "clinic", "healthcare": "clinic", "emergency": null, "facility_id": "hosp_118", "sampled_risk": 0.3818, "is_safe": true, "safety_status": "Operational / Safe" }, "geometry": { "type": "Point", "coordinates": [ 80.0584534, 12.8435375 ] } },
{ "type": "Feature", "properties": { "element": "node", "id": 7820874210, "name": "Kasturi Clinic", "amenity": "clinic", "healthcare": "clinic", "emergency": null, "facility_id": "hosp_119", "sampled_risk": 0.39129999, "is_safe": true, "safety_status": "Operational / Safe" }, "geometry": { "type": "Point", "coordinates": [ 80.0587969, 12.8440063 ] } },
{ "type": "Feature", "properties": { "element": "node", "id": 7820874211, "name": "Healing Hands Speciality Clinic", "amenity": "clinic", "healthcare": "clinic", "emergency": null, "facility_id": "hosp_120", "sampled_risk": 0.3775, "is_safe": true, "safety_status": "Operational / Safe" }, "geometry": { "type": "Point", "coordinates": [ 80.0946476, 12.9089473 ] } },
{ "type": "Feature", "properties": { "element": "node", "id": 7820874212, "name": "Dr. V. Arunagiri Nathan Clinic", "amenity": "clinic", "healthcare": "clinic", "emergency": null, "facility_id": "hosp_121", "sampled_risk": 0.3788, "is_safe": true, "safety_status": "Operational / Safe" }, "geometry": { "type": "Point", "coordinates": [ 80.0656915, 12.8507219 ] } },
{ "type": "Feature", "properties": { "element": "node", "id": 7820874213, "name": "Devi Medical Clinic", "amenity": "clinic", "healthcare": "clinic", "emergency": null, "facility_id": "hosp_122", "sampled_risk": 0.4337, "is_safe": true, "safety_status": "Operational / Safe" }, "geometry": { "type": "Point", "coordinates": [ 80.0811754, 12.8934911 ] } },
{ "type": "Feature", "properties": { "element": "node", "id": 7820874214, "name": "Dr. Kumaran's Clinic", "amenity": "clinic", "healthcare": "clinic", "emergency": null, "facility_id": "hosp_123", "sampled_risk": 0.40790001, "is_safe": true, "safety_status": "Operational / Safe" }, "geometry": { "type": "Point", "coordinates": [ 80.0609119, 12.8433152 ] } },
{ "type": "Feature", "properties": { "element": "node", "id": 7820874215, "name": "Vinayaga Homeo Clinic", "amenity": "clinic", "healthcare": null, "emergency": null, "facility_id": "hosp_124", "sampled_risk": 0.53780001, "is_safe": false, "safety_status": "Inundation Risk / Unsafe" }, "geometry": { "type": "Point", "coordinates": [ 80.1428788, 12.8484563 ] } },
{ "type": "Feature", "properties": { "element": "node", "id": 7820874216, "name": "Nirmal's Eye Clinic", "amenity": "clinic", "healthcare": "clinic", "emergency": null, "facility_id": "hosp_125", "sampled_risk": 0.40290001, "is_safe": true, "safety_status": "Operational / Safe" }, "geometry": { "type": "Point", "coordinates": [ 80.0579775, 12.8426583 ] } },
{ "type": "Feature", "properties": { "element": "node", "id": 7820874217, "name": "Sri Meenachi Hospital", "amenity": "hospital", "healthcare": null, "emergency": null, "facility_id": "hosp_126", "sampled_risk": 0.55760002, "is_safe": false, "safety_status": "Inundation Risk / Unsafe" }, "geometry": { "type": "Point", "coordinates": [ 80.140347, 12.850128 ] } },
{ "type": "Feature", "properties": { "element": "node", "id": 7820874218, "name": "Sabari Physiotherapy Clinic", "amenity": "clinic", "healthcare": "clinic", "emergency": null, "facility_id": "hosp_127", "sampled_risk": 0.3037, "is_safe": true, "safety_status": "Operational / Safe" }, "geometry": { "type": "Point", "coordinates": [ 80.0710231, 12.8673887 ] } },
{ "type": "Feature", "properties": { "element": "node", "id": 7820874220, "name": "Nithya Gurru Hospital", "amenity": "hospital", "healthcare": "hospital", "emergency": null, "facility_id": "hosp_128", "sampled_risk": 0.42609999, "is_safe": true, "safety_status": "Operational / Safe" }, "geometry": { "type": "Point", "coordinates": [ 80.0760446, 12.867641 ] } },
{ "type": "Feature", "properties": { "element": "node", "id": 7820874222, "name": "Ayur Med Life Hospital", "amenity": "clinic", "healthcare": "clinic", "emergency": null, "facility_id": "hosp_129", "sampled_risk": 0.3506, "is_safe": true, "safety_status": "Operational / Safe" }, "geometry": { "type": "Point", "coordinates": [ 80.0929551, 12.9059312 ] } },
{ "type": "Feature", "properties": { "element": "node", "id": 7820874223, "name": "Thangam Hospital", "amenity": "hospital", "healthcare": "hospital", "emergency": null, "facility_id": "hosp_130", "sampled_risk": 0.48480001, "is_safe": true, "safety_status": "Operational / Safe" }, "geometry": { "type": "Point", "coordinates": [ 80.0560074, 12.8400457 ] } },
{ "type": "Feature", "properties": { "element": "node", "id": 7820874225, "name": "AS Poly Clinic", "amenity": "clinic", "healthcare": null, "emergency": null, "facility_id": "hosp_131", "sampled_risk": 0.59390002, "is_safe": false, "safety_status": "Inundation Risk / Unsafe" }, "geometry": { "type": "Point", "coordinates": [ 80.139755, 12.851445 ] } },
{ "type": "Feature", "properties": { "element": "node", "id": 7820874226, "name": "G.V. Hospital", "amenity": "hospital", "healthcare": null, "emergency": null, "facility_id": "hosp_132", "sampled_risk": 0.4637, "is_safe": true, "safety_status": "Operational / Safe" }, "geometry": { "type": "Point", "coordinates": [ 80.0770019, 12.8143321 ] } },
{ "type": "Feature", "properties": { "element": "node", "id": 7820874227, "name": "Suriya Ayurveda Hospital", "amenity": "hospital", "healthcare": "hospital", "emergency": null, "facility_id": "hosp_133", "sampled_risk": 0.35170001, "is_safe": true, "safety_status": "Operational / Safe" }, "geometry": { "type": "Point", "coordinates": [ 80.0560942, 12.8588635 ] } },
{ "type": "Feature", "properties": { "element": "node", "id": 7820874228, "name": "Sai Multi Speciality Clinic", "amenity": "clinic", "healthcare": "clinic", "emergency": null, "facility_id": "hosp_134", "sampled_risk": 0.39289999, "is_safe": true, "safety_status": "Operational / Safe" }, "geometry": { "type": "Point", "coordinates": [ 80.0582683, 12.8429838 ] } },
{ "type": "Feature", "properties": { "element": "node", "id": 7820874230, "name": "Senthil Clinic", "amenity": "clinic", "healthcare": "clinic", "emergency": null, "facility_id": "hosp_135", "sampled_risk": 0.3892, "is_safe": true, "safety_status": "Operational / Safe" }, "geometry": { "type": "Point", "coordinates": [ 80.0604225, 12.8432697 ] } },
{ "type": "Feature", "properties": { "element": "node", "id": 7820874232, "name": "Rishika Ortho, Spine and Joint Speciality Centre", "amenity": "hospital", "healthcare": "hospital", "emergency": null, "facility_id": "hosp_136", "sampled_risk": 0.38820001, "is_safe": true, "safety_status": "Operational / Safe" }, "geometry": { "type": "Point", "coordinates": [ 80.0587314, 12.8441025 ] } },
{ "type": "Feature", "properties": { "element": "node", "id": 7820874233, "name": "SK Clinic", "amenity": "clinic", "healthcare": "clinic", "emergency": null, "facility_id": "hosp_137", "sampled_risk": 0.43040001, "is_safe": true, "safety_status": "Operational / Safe" }, "geometry": { "type": "Point", "coordinates": [ 80.0925319, 12.9126291 ] } },
{ "type": "Feature", "properties": { "element": "node", "id": 7820874234, "name": "Sugam Hospital", "amenity": "hospital", "healthcare": null, "emergency": null, "facility_id": "hosp_138", "sampled_risk": 0.52079999, "is_safe": true, "safety_status": "Operational / Safe" }, "geometry": { "type": "Point", "coordinates": [ 80.166309, 12.82684 ] } },
{ "type": "Feature", "properties": { "element": "node", "id": 7820874235, "name": "Sri Satya Sai Homeo Clinic", "amenity": "clinic", "healthcare": "clinic", "emergency": null, "facility_id": "hosp_139", "sampled_risk": 0.39539999, "is_safe": true, "safety_status": "Operational / Safe" }, "geometry": { "type": "Point", "coordinates": [ 80.0588213, 12.8441953 ] } },
{ "type": "Feature", "properties": { "element": "node", "id": 7820874240, "name": "Sri Kamatchi Hospital", "amenity": "hospital", "healthcare": "hospital", "emergency": null, "facility_id": "hosp_140", "sampled_risk": 0.36359999, "is_safe": true, "safety_status": "Operational / Safe" }, "geometry": { "type": "Point", "coordinates": [ 80.0929742, 12.9050035 ] } },
{ "type": "Feature", "properties": { "element": "node", "id": 7820874242, "name": "Siddha Ayurveda Clinic", "amenity": "clinic", "healthcare": "clinic", "emergency": null, "facility_id": "hosp_141", "sampled_risk": 0.40759999, "is_safe": true, "safety_status": "Operational / Safe" }, "geometry": { "type": "Point", "coordinates": [ 80.0597822, 12.8473288 ] } },
{ "type": "Feature", "properties": { "element": "node", "id": 7820874243, "name": "Jeeva Clinic", "amenity": "clinic", "healthcare": "clinic", "emergency": null, "facility_id": "hosp_142", "sampled_risk": 0.38049999, "is_safe": true, "safety_status": "Operational / Safe" }, "geometry": { "type": "Point", "coordinates": [ 80.0737808, 12.8593698 ] } },
{ "type": "Feature", "properties": { "element": "node", "id": 7820874245, "name": "Dhanwanthri Physiotherapy Centre", "amenity": "clinic", "healthcare": "clinic", "emergency": null, "facility_id": "hosp_143", "sampled_risk": 0.44479999, "is_safe": true, "safety_status": "Operational / Safe" }, "geometry": { "type": "Point", "coordinates": [ 80.0576307, 12.838733 ] } },
{ "type": "Feature", "properties": { "element": "node", "id": 7820874246, "name": "Dakshan Skin Clinic", "amenity": "clinic", "healthcare": "clinic", "emergency": null, "facility_id": "hosp_144", "sampled_risk": 0.39269999, "is_safe": true, "safety_status": "Operational / Safe" }, "geometry": { "type": "Point", "coordinates": [ 80.0651148, 12.8499003 ] } },
{ "type": "Feature", "properties": { "element": "node", "id": 7820874247, "name": "Agaram Siddha Clinic", "amenity": "clinic", "healthcare": "clinic", "emergency": null, "facility_id": "hosp_145", "sampled_risk": 0.43619999, "is_safe": true, "safety_status": "Operational / Safe" }, "geometry": { "type": "Point", "coordinates": [ 80.0631272, 12.8483415 ] } },
{ "type": "Feature", "properties": { "element": "node", "id": 7820874248, "name": "Magna Open Health Service", "amenity": "hospital", "healthcare": "hospital", "emergency": null, "facility_id": "hosp_146", "sampled_risk": 0.40700001, "is_safe": true, "safety_status": "Operational / Safe" }, "geometry": { "type": "Point", "coordinates": [ 80.0694728, 12.8576412 ] } },
{ "type": "Feature", "properties": { "element": "node", "id": 7820874249, "name": "Mahesh Hospital", "amenity": "hospital", "healthcare": null, "emergency": null, "facility_id": "hosp_147", "sampled_risk": 0.3784, "is_safe": true, "safety_status": "Operational / Safe" }, "geometry": { "type": "Point", "coordinates": [ 80.0590957, 12.9178607 ] } },
{ "type": "Feature", "properties": { "element": "node", "id": 7820874250, "name": "Arokia Annaii Clinic", "amenity": "clinic", "healthcare": "clinic", "emergency": null, "facility_id": "hosp_148", "sampled_risk": 0.4032, "is_safe": true, "safety_status": "Operational / Safe" }, "geometry": { "type": "Point", "coordinates": [ 80.0741846, 12.8846426 ] } },
{ "type": "Feature", "properties": { "element": "node", "id": 7820874251, "name": "Sri Vinayaga Clinic", "amenity": "clinic", "healthcare": "clinic", "emergency": null, "facility_id": "hosp_149", "sampled_risk": 0.3883, "is_safe": true, "safety_status": "Operational / Safe" }, "geometry": { "type": "Point", "coordinates": [ 80.0606316, 12.8429954 ] } },
{ "type": "Feature", "properties": { "element": "node", "id": 7820874252, "name": "Child Care Clinic", "amenity": "clinic", "healthcare": "clinic", "emergency": null, "facility_id": "hosp_150", "sampled_risk": 0.3809, "is_safe": true, "safety_status": "Operational / Safe" }, "geometry": { "type": "Point", "coordinates": [ 80.0582429, 12.8432217 ] } },
{ "type": "Feature", "properties": { "element": "node", "id": 7820874253, "name": "Vasantham Clinic", "amenity": "clinic", "healthcare": "clinic", "emergency": null, "facility_id": "hosp_151", "sampled_risk": 0.3436, "is_safe": true, "safety_status": "Operational / Safe" }, "geometry": { "type": "Point", "coordinates": [ 80.0623129, 12.8599548 ] } },
{ "type": "Feature", "properties": { "element": "node", "id": 7820874254, "name": "M.M Clinic", "amenity": "clinic", "healthcare": "clinic", "emergency": null, "facility_id": "hosp_152", "sampled_risk": 0.36219999, "is_safe": true, "safety_status": "Operational / Safe" }, "geometry": { "type": "Point", "coordinates": [ 80.0612804, 12.8421733 ] } },
{ "type": "Feature", "properties": { "element": "node", "id": 7820874255, "name": "Arokya Hospital", "amenity": "hospital", "healthcare": null, "emergency": null, "facility_id": "hosp_153", "sampled_risk": 0.341, "is_safe": true, "safety_status": "Operational / Safe" }, "geometry": { "type": "Point", "coordinates": [ 80.0708395, 12.8319745 ] } },
{ "type": "Feature", "properties": { "element": "node", "id": 7820874256, "name": "Lakshmi Clinic and Diagnostics", "amenity": "clinic", "healthcare": null, "emergency": null, "facility_id": "hosp_154", "sampled_risk": 0.36809999, "is_safe": true, "safety_status": "Operational / Safe" }, "geometry": { "type": "Point", "coordinates": [ 80.0777538, 12.8226797 ] } },
{ "type": "Feature", "properties": { "element": "node", "id": 7820874257, "name": "Sabari Clinic", "amenity": "clinic", "healthcare": "clinic", "emergency": null, "facility_id": "hosp_155", "sampled_risk": 0.45070001, "is_safe": true, "safety_status": "Operational / Safe" }, "geometry": { "type": "Point", "coordinates": [ 80.0613827, 12.8467277 ] } },
{ "type": "Feature", "properties": { "element": "node", "id": 7820874258, "name": "Optique Netralaya", "amenity": "clinic", "healthcare": "clinic", "emergency": null, "facility_id": "hosp_156", "sampled_risk": 0.41929999, "is_safe": true, "safety_status": "Operational / Safe" }, "geometry": { "type": "Point", "coordinates": [ 80.0578041, 12.8417166 ] } },
{ "type": "Feature", "properties": { "element": "node", "id": 7820874259, "name": "Shree Chelly's Clinic", "amenity": "clinic", "healthcare": "clinic", "emergency": null, "facility_id": "hosp_157", "sampled_risk": 0.37819999, "is_safe": true, "safety_status": "Operational / Safe" }, "geometry": { "type": "Point", "coordinates": [ 80.082912, 12.8515801 ] } },
{ "type": "Feature", "properties": { "element": "node", "id": 7820874260, "name": "Saradha Hospital", "amenity": "hospital", "healthcare": "hospital", "emergency": null, "facility_id": "hosp_158", "sampled_risk": 0.3484, "is_safe": true, "safety_status": "Operational / Safe" }, "geometry": { "type": "Point", "coordinates": [ 80.0926779, 12.9080949 ] } },
{ "type": "Feature", "properties": { "element": "node", "id": 7820874262, "name": "Aram Poly Clinic", "amenity": "clinic", "healthcare": "clinic", "emergency": null, "facility_id": "hosp_159", "sampled_risk": 0.42629999, "is_safe": true, "safety_status": "Operational / Safe" }, "geometry": { "type": "Point", "coordinates": [ 80.0609595, 12.8470635 ] } },
{ "type": "Feature", "properties": { "element": "node", "id": 7820874263, "name": "Arokia Annai Hospital", "amenity": "hospital", "healthcare": "hospital", "emergency": null, "facility_id": "hosp_160", "sampled_risk": 0.34060001, "is_safe": true, "safety_status": "Operational / Safe" }, "geometry": { "type": "Point", "coordinates": [ 80.0648625, 12.8678478 ] } },
{ "type": "Feature", "properties": { "element": "node", "id": 7820874264, "name": "BM Physiotherapy and Stroke Rehab Clinic", "amenity": "clinic", "healthcare": "clinic", "emergency": null, "facility_id": "hosp_161", "sampled_risk": 0.3845, "is_safe": true, "safety_status": "Operational / Safe" }, "geometry": { "type": "Point", "coordinates": [ 80.094653, 12.908723 ] } },
{ "type": "Feature", "properties": { "element": "node", "id": 7820874267, "name": "Dr. Rajesh Kumar Clinic", "amenity": "clinic", "healthcare": "clinic", "emergency": null, "facility_id": "hosp_162", "sampled_risk": 0.3892, "is_safe": true, "safety_status": "Operational / Safe" }, "geometry": { "type": "Point", "coordinates": [ 80.0605129, 12.8431543 ] } },
{ "type": "Feature", "properties": { "element": "node", "id": 7820874268, "name": "Deepam Hospital", "amenity": "hospital", "healthcare": "hospital", "emergency": null, "facility_id": "hosp_163", "sampled_risk": 0.4675, "is_safe": true, "safety_status": "Operational / Safe" }, "geometry": { "type": "Point", "coordinates": [ 80.0632047, 12.8471514 ] } },
{ "type": "Feature", "properties": { "element": "node", "id": 7820874269, "name": "Wellness Clinic and Diabetes Centre", "amenity": "clinic", "healthcare": "clinic", "emergency": null, "facility_id": "hosp_164", "sampled_risk": 0.36489999, "is_safe": true, "safety_status": "Operational / Safe" }, "geometry": { "type": "Point", "coordinates": [ 80.0963507, 12.9053184 ] } },
{ "type": "Feature", "properties": { "element": "node", "id": 7820874270, "name": "Assana Speciality Clinic", "amenity": "clinic", "healthcare": "clinic", "emergency": null, "facility_id": "hosp_165", "sampled_risk": 0.37970001, "is_safe": true, "safety_status": "Operational / Safe" }, "geometry": { "type": "Point", "coordinates": [ 80.069363, 12.833454 ] } },
{ "type": "Feature", "properties": { "element": "node", "id": 7820874271, "name": "Narbhavi Clinic", "amenity": "clinic", "healthcare": "clinic", "emergency": null, "facility_id": "hosp_166", "sampled_risk": 0.3531, "is_safe": true, "safety_status": "Operational / Safe" }, "geometry": { "type": "Point", "coordinates": [ 80.09293, 12.907759 ] } },
{ "type": "Feature", "properties": { "element": "node", "id": 7820874273, "name": "Kathir Memorial Hospital", "amenity": "hospital", "healthcare": null, "emergency": null, "facility_id": "hosp_167", "sampled_risk": 0.5377, "is_safe": false, "safety_status": "Inundation Risk / Unsafe" }, "geometry": { "type": "Point", "coordinates": [ 80.141738, 12.84935 ] } },
{ "type": "Feature", "properties": { "element": "node", "id": 7820874274, "name": "Prithvi Clinic", "amenity": "clinic", "healthcare": "clinic", "emergency": null, "facility_id": "hosp_168", "sampled_risk": 0.3664, "is_safe": true, "safety_status": "Operational / Safe" }, "geometry": { "type": "Point", "coordinates": [ 80.094856, 12.908513 ] } },
{ "type": "Feature", "properties": { "element": "node", "id": 7820874275, "name": "Biswas Clinic", "amenity": "clinic", "healthcare": "clinic", "emergency": null, "facility_id": "hosp_169", "sampled_risk": 0.43540001, "is_safe": true, "safety_status": "Operational / Safe" }, "geometry": { "type": "Point", "coordinates": [ 80.0634034, 12.8487115 ] } },
{ "type": "Feature", "properties": { "element": "node", "id": 7820874277, "name": "Accupuncture Clinic", "amenity": "clinic", "healthcare": "clinic", "emergency": null, "facility_id": "hosp_170", "sampled_risk": 0.3854, "is_safe": true, "safety_status": "Operational / Safe" }, "geometry": { "type": "Point", "coordinates": [ 80.0834234, 12.8934752 ] } },
{ "type": "Feature", "properties": { "element": "node", "id": 7820874279, "name": "Sri Sai Clinic", "amenity": "clinic", "healthcare": null, "emergency": null, "facility_id": "hosp_171", "sampled_risk": 0.52340001, "is_safe": true, "safety_status": "Operational / Safe" }, "geometry": { "type": "Point", "coordinates": [ 80.166036, 12.827101 ] } },
{ "type": "Feature", "properties": { "element": "node", "id": 7820874280, "name": "K.S. Child Care Hospital", "amenity": "hospital", "healthcare": "hospital", "emergency": null, "facility_id": "hosp_172", "sampled_risk": 0.394, "is_safe": true, "safety_status": "Operational / Safe" }, "geometry": { "type": "Point", "coordinates": [ 80.0574582, 12.8427807 ] } },
{ "type": "Feature", "properties": { "element": "node", "id": 7820874281, "name": "Jaya Clinic", "amenity": "clinic", "healthcare": "clinic", "emergency": null, "facility_id": "hosp_173", "sampled_risk": 0.37009999, "is_safe": true, "safety_status": "Operational / Safe" }, "geometry": { "type": "Point", "coordinates": [ 80.0636321, 12.8389063 ] } },
{ "type": "Feature", "properties": { "element": "node", "id": 7820874285, "name": "Sri Multi Speciality Homeopathy Clinic", "amenity": "hospital", "healthcare": "hospital", "emergency": null, "facility_id": "hosp_174", "sampled_risk": 0.39840001, "is_safe": true, "safety_status": "Operational / Safe" }, "geometry": { "type": "Point", "coordinates": [ 80.0765632, 12.8820866 ] } },
{ "type": "Feature", "properties": { "element": "node", "id": 7820874287, "name": "Sri Raghav Child Care Centre", "amenity": "hospital", "healthcare": "hospital", "emergency": null, "facility_id": "hosp_175", "sampled_risk": 0.43959999, "is_safe": true, "safety_status": "Operational / Safe" }, "geometry": { "type": "Point", "coordinates": [ 80.0964005, 12.911081 ] } },
{ "type": "Feature", "properties": { "element": "node", "id": 7820874288, "name": "Thalir Hospital", "amenity": "hospital", "healthcare": "hospital", "emergency": null, "facility_id": "hosp_176", "sampled_risk": 0.45590001, "is_safe": true, "safety_status": "Operational / Safe" }, "geometry": { "type": "Point", "coordinates": [ 80.0780594, 12.8662405 ] } },
{ "type": "Feature", "properties": { "element": "node", "id": 7820874289, "name": "Hosanna Hospital", "amenity": "hospital", "healthcare": null, "emergency": null, "facility_id": "hosp_177", "sampled_risk": 0.41069999, "is_safe": true, "safety_status": "Operational / Safe" }, "geometry": { "type": "Point", "coordinates": [ 80.0829085, 12.8694008 ] } },
{ "type": "Feature", "properties": { "element": "node", "id": 7820874291, "name": "Vikvin Physiotherapy", "amenity": "clinic", "healthcare": null, "emergency": null, "facility_id": "hosp_178", "sampled_risk": 0.422, "is_safe": true, "safety_status": "Operational / Safe" }, "geometry": { "type": "Point", "coordinates": [ 80.0738506, 12.8276172 ] } },
{ "type": "Feature", "properties": { "element": "node", "id": 7820874292, "name": "Kaveri Clinic", "amenity": "clinic", "healthcare": "clinic", "emergency": null, "facility_id": "hosp_179", "sampled_risk": 0.32179999, "is_safe": true, "safety_status": "Operational / Safe" }, "geometry": { "type": "Point", "coordinates": [ 80.0688182, 12.8671807 ] } },
{ "type": "Feature", "properties": { "element": "node", "id": 7820874295, "name": "Ortho and Neuro Physiotherapy Clinic", "amenity": "clinic", "healthcare": "clinic", "emergency": null, "facility_id": "hosp_180", "sampled_risk": 0.45210001, "is_safe": true, "safety_status": "Operational / Safe" }, "geometry": { "type": "Point", "coordinates": [ 80.0629364, 12.8469882 ] } },
{ "type": "Feature", "properties": { "element": "node", "id": 7821906812, "name": "Sanjeevi's Ayush Hospital", "amenity": "hospital", "healthcare": "hospital", "emergency": null, "facility_id": "hosp_181", "sampled_risk": 0.56129998, "is_safe": false, "safety_status": "Inundation Risk / Unsafe" }, "geometry": { "type": "Point", "coordinates": [ 80.1139064, 12.9285127 ] } },
{ "type": "Feature", "properties": { "element": "node", "id": 7821906814, "name": "AG Multi Speciality Hospital", "amenity": "hospital", "healthcare": "hospital", "emergency": null, "facility_id": "hosp_182", "sampled_risk": 0.4984, "is_safe": true, "safety_status": "Operational / Safe" }, "geometry": { "type": "Point", "coordinates": [ 80.1125391, 12.9252184 ] } },
{ "type": "Feature", "properties": { "element": "node", "id": 7821906816, "name": "Sri Brinda Clinic", "amenity": "clinic", "healthcare": "clinic", "emergency": null, "facility_id": "hosp_183", "sampled_risk": 0.4513, "is_safe": true, "safety_status": "Operational / Safe" }, "geometry": { "type": "Point", "coordinates": [ 80.139316, 12.937008 ] } },
{ "type": "Feature", "properties": { "element": "node", "id": 7821906817, "name": "N S Hospital", "amenity": "hospital", "healthcare": "hospital", "emergency": null, "facility_id": "hosp_184", "sampled_risk": 0.55830002, "is_safe": false, "safety_status": "Inundation Risk / Unsafe" }, "geometry": { "type": "Point", "coordinates": [ 80.1143405, 12.9274606 ] } },
{ "type": "Feature", "properties": { "element": "node", "id": 7821906819, "name": "Shaz Clinic", "amenity": "clinic", "healthcare": "clinic", "emergency": null, "facility_id": "hosp_185", "sampled_risk": 0.509, "is_safe": true, "safety_status": "Operational / Safe" }, "geometry": { "type": "Point", "coordinates": [ 80.13524, 12.93059 ] } },
{ "type": "Feature", "properties": { "element": "node", "id": 7821906820, "name": "Dr. Sathish Kumar Institute Of Child Health and Hospital for Children", "amenity": "hospital", "healthcare": "hospital", "emergency": null, "facility_id": "hosp_186", "sampled_risk": 0.45640001, "is_safe": true, "safety_status": "Operational / Safe" }, "geometry": { "type": "Point", "coordinates": [ 80.1390208, 12.937277 ] } },
{ "type": "Feature", "properties": { "element": "node", "id": 7821906823, "name": "Skin Clinic", "amenity": "clinic", "healthcare": "clinic", "emergency": null, "facility_id": "hosp_187", "sampled_risk": 0.51800001, "is_safe": true, "safety_status": "Operational / Safe" }, "geometry": { "type": "Point", "coordinates": [ 80.1305993, 12.928811 ] } },
{ "type": "Feature", "properties": { "element": "node", "id": 7821906824, "name": "Mano ENT and Skull Base Surgery Clinic", "amenity": "clinic", "healthcare": "clinic", "emergency": null, "facility_id": "hosp_188", "sampled_risk": 0.50959998, "is_safe": true, "safety_status": "Operational / Safe" }, "geometry": { "type": "Point", "coordinates": [ 80.1290919, 12.9238952 ] } },
{ "type": "Feature", "properties": { "element": "node", "id": 7821906825, "name": "Peeram Hospital Private Limited", "amenity": "hospital", "healthcare": "hospital", "emergency": null, "facility_id": "hosp_189", "sampled_risk": 0.56400001, "is_safe": false, "safety_status": "Inundation Risk / Unsafe" }, "geometry": { "type": "Point", "coordinates": [ 80.1257351, 12.9349952 ] } },
{ "type": "Feature", "properties": { "element": "node", "id": 7821906827, "name": "Dr. Rangarajan Clinic", "amenity": "clinic", "healthcare": "clinic", "emergency": null, "facility_id": "hosp_190", "sampled_risk": 0.54519999, "is_safe": false, "safety_status": "Inundation Risk / Unsafe" }, "geometry": { "type": "Point", "coordinates": [ 80.1324104, 12.9334577 ] } },
{ "type": "Feature", "properties": { "element": "node", "id": 7821906828, "name": "Prabhu Clinic", "amenity": "clinic", "healthcare": "clinic", "emergency": null, "facility_id": "hosp_191", "sampled_risk": 0.52020001, "is_safe": true, "safety_status": "Operational / Safe" }, "geometry": { "type": "Point", "coordinates": [ 80.1247473, 12.935986 ] } },
{ "type": "Feature", "properties": { "element": "node", "id": 7821906829, "name": "Nalam Clinic", "amenity": "clinic", "healthcare": "clinic", "emergency": null, "facility_id": "hosp_192", "sampled_risk": 0.5686, "is_safe": false, "safety_status": "Inundation Risk / Unsafe" }, "geometry": { "type": "Point", "coordinates": [ 80.1065962, 12.9258811 ] } },
{ "type": "Feature", "properties": { "element": "node", "id": 7821906831, "name": "Sri Satya Sai Homeo Clinic", "amenity": "clinic", "healthcare": "clinic", "emergency": null, "facility_id": "hosp_193", "sampled_risk": 0.56290001, "is_safe": false, "safety_status": "Inundation Risk / Unsafe" }, "geometry": { "type": "Point", "coordinates": [ 80.1300926, 12.932112 ] } },
{ "type": "Feature", "properties": { "element": "node", "id": 7821906832, "name": "Saaol Heart Centre", "amenity": "hospital", "healthcare": "hospital", "emergency": null, "facility_id": "hosp_194", "sampled_risk": 0.52719998, "is_safe": true, "safety_status": "Operational / Safe" }, "geometry": { "type": "Point", "coordinates": [ 80.1238348, 12.9361226 ] } },
{ "type": "Feature", "properties": { "element": "node", "id": 7821906833, "name": "Dr. Seshagiri Clinic", "amenity": "clinic", "healthcare": "clinic", "emergency": null, "facility_id": "hosp_195", "sampled_risk": 0.5212, "is_safe": true, "safety_status": "Operational / Safe" }, "geometry": { "type": "Point", "coordinates": [ 80.1128394, 12.9268544 ] } },
{ "type": "Feature", "properties": { "element": "node", "id": 7821906834, "name": "PK Multi Speciality Hospital", "amenity": "hospital", "healthcare": "hospital", "emergency": null, "facility_id": "hosp_196", "sampled_risk": 0.584, "is_safe": false, "safety_status": "Inundation Risk / Unsafe" }, "geometry": { "type": "Point", "coordinates": [ 80.118892, 12.929311 ] } },
{ "type": "Feature", "properties": { "element": "node", "id": 7821906835, "name": "Deepak Multi Speciality Clinic", "amenity": "clinic", "healthcare": "clinic", "emergency": null, "facility_id": "hosp_197", "sampled_risk": 0.56459999, "is_safe": false, "safety_status": "Inundation Risk / Unsafe" }, "geometry": { "type": "Point", "coordinates": [ 80.1323567, 12.934103 ] } },
{ "type": "Feature", "properties": { "element": "node", "id": 7821906836, "name": "Jyothi Siddha Ayurveda Hospital", "amenity": "hospital", "healthcare": "hospital", "emergency": null, "facility_id": "hosp_198", "sampled_risk": 0.54839998, "is_safe": false, "safety_status": "Inundation Risk / Unsafe" }, "geometry": { "type": "Point", "coordinates": [ 80.1185855, 12.9305296 ] } },
{ "type": "Feature", "properties": { "element": "node", "id": 7821906837, "name": "LPR Hospital", "amenity": "hospital", "healthcare": "hospital", "emergency": null, "facility_id": "hosp_199", "sampled_risk": 0.4095, "is_safe": true, "safety_status": "Operational / Safe" }, "geometry": { "type": "Point", "coordinates": [ 80.097237, 12.923229 ] } },
{ "type": "Feature", "properties": { "element": "node", "id": 7821906838, "name": "Shri Adithya Ayurveda Clinic", "amenity": "clinic", "healthcare": "clinic", "emergency": null, "facility_id": "hosp_200", "sampled_risk": 0.5086, "is_safe": true, "safety_status": "Operational / Safe" }, "geometry": { "type": "Point", "coordinates": [ 80.128158, 12.923808 ] } },
{ "type": "Feature", "properties": { "element": "node", "id": 7821906839, "name": "Usha Women and Child Clinic", "amenity": "clinic", "healthcare": "clinic", "emergency": null, "facility_id": "hosp_201", "sampled_risk": 0.4718, "is_safe": true, "safety_status": "Operational / Safe" }, "geometry": { "type": "Point", "coordinates": [ 80.099718, 12.92446 ] } },
{ "type": "Feature", "properties": { "element": "node", "id": 7821906840, "name": "Priyam Clinic", "amenity": "clinic", "healthcare": "clinic", "emergency": null, "facility_id": "hosp_202", "sampled_risk": 0.54439998, "is_safe": false, "safety_status": "Inundation Risk / Unsafe" }, "geometry": { "type": "Point", "coordinates": [ 80.1289842, 12.9291489 ] } },
{ "type": "Feature", "properties": { "element": "node", "id": 7821906841, "name": "Amrita Homeopathy Speciality Clinic", "amenity": "clinic", "healthcare": "clinic", "emergency": null, "facility_id": "hosp_203", "sampled_risk": 0.51340002, "is_safe": true, "safety_status": "Operational / Safe" }, "geometry": { "type": "Point", "coordinates": [ 80.1271659, 12.9257612 ] } },
{ "type": "Feature", "properties": { "element": "node", "id": 7821906842, "name": "Sarjana Hospital", "amenity": "hospital", "healthcare": "hospital", "emergency": null, "facility_id": "hosp_204", "sampled_risk": 0.54799998, "is_safe": false, "safety_status": "Inundation Risk / Unsafe" }, "geometry": { "type": "Point", "coordinates": [ 80.1026633, 12.9264853 ] } },
{ "type": "Feature", "properties": { "element": "node", "id": 7821906844, "name": "Anbu Clinic", "amenity": "clinic", "healthcare": "clinic", "emergency": null, "facility_id": "hosp_205", "sampled_risk": 0.55779999, "is_safe": false, "safety_status": "Inundation Risk / Unsafe" }, "geometry": { "type": "Point", "coordinates": [ 80.1171508, 12.9317802 ] } },
{ "type": "Feature", "properties": { "element": "node", "id": 7821906845, "name": "Dr. Ashok Tyagarajan Clinic", "amenity": "clinic", "healthcare": "clinic", "emergency": null, "facility_id": "hosp_206", "sampled_risk": 0.52920002, "is_safe": true, "safety_status": "Operational / Safe" }, "geometry": { "type": "Point", "coordinates": [ 80.1281744, 12.9226874 ] } },
{ "type": "Feature", "properties": { "element": "node", "id": 7821906847, "name": "ARZT Health Care", "amenity": "clinic", "healthcare": "clinic", "emergency": null, "facility_id": "hosp_207", "sampled_risk": 0.5212, "is_safe": true, "safety_status": "Operational / Safe" }, "geometry": { "type": "Point", "coordinates": [ 80.1037467, 12.9278018 ] } },
{ "type": "Feature", "properties": { "element": "node", "id": 7821906851, "name": "Rajan Physiotherapy Clinic", "amenity": "clinic", "healthcare": "clinic", "emergency": null, "facility_id": "hosp_208", "sampled_risk": 0.5424, "is_safe": false, "safety_status": "Inundation Risk / Unsafe" }, "geometry": { "type": "Point", "coordinates": [ 80.1043215, 12.9267062 ] } },
{ "type": "Feature", "properties": { "element": "node", "id": 7821906852, "name": "Sai Clinic", "amenity": "clinic", "healthcare": "clinic", "emergency": null, "facility_id": "hosp_209", "sampled_risk": 0.51709998, "is_safe": true, "safety_status": "Operational / Safe" }, "geometry": { "type": "Point", "coordinates": [ 80.1291024, 12.9283314 ] } },
{ "type": "Feature", "properties": { "element": "node", "id": 7821906853, "name": "Sree Devi Hospital", "amenity": "hospital", "healthcare": "hospital", "emergency": null, "facility_id": "hosp_210", "sampled_risk": 0.57590002, "is_safe": false, "safety_status": "Inundation Risk / Unsafe" }, "geometry": { "type": "Point", "coordinates": [ 80.1131889, 12.9293353 ] } },
{ "type": "Feature", "properties": { "element": "node", "id": 7821906854, "name": "Nalayani Endoscopic ENT Clinic", "amenity": "clinic", "healthcare": "clinic", "emergency": null, "facility_id": "hosp_211", "sampled_risk": 0.49360001, "is_safe": true, "safety_status": "Operational / Safe" }, "geometry": { "type": "Point", "coordinates": [ 80.111206, 12.9260089 ] } },
{ "type": "Feature", "properties": { "element": "node", "id": 7821906855, "name": "Jawahar Hospital", "amenity": "hospital", "healthcare": "hospital", "emergency": null, "facility_id": "hosp_212", "sampled_risk": 0.52990001, "is_safe": true, "safety_status": "Operational / Safe" }, "geometry": { "type": "Point", "coordinates": [ 80.1281937, 12.9227892 ] } },
{ "type": "Feature", "properties": { "element": "node", "id": 7821906856, "name": "Amudha Physiotherapy and Sports Injury Clinic", "amenity": "clinic", "healthcare": "clinic", "emergency": null, "facility_id": "hosp_213", "sampled_risk": 0.5406, "is_safe": false, "safety_status": "Inundation Risk / Unsafe" }, "geometry": { "type": "Point", "coordinates": [ 80.118011, 12.9313644 ] } },
{ "type": "Feature", "properties": { "element": "node", "id": 7821906857, "name": "Ramana Child Hospital", "amenity": "hospital", "healthcare": "hospital", "emergency": null, "facility_id": "hosp_214", "sampled_risk": 0.54629999, "is_safe": false, "safety_status": "Inundation Risk / Unsafe" }, "geometry": { "type": "Point", "coordinates": [ 80.1236737, 12.9340178 ] } },
{ "type": "Feature", "properties": { "element": "node", "id": 7821906858, "name": "Arya Vaidya Shala", "amenity": "hospital", "healthcare": "hospital", "emergency": null, "facility_id": "hosp_215", "sampled_risk": 0.5086, "is_safe": true, "safety_status": "Operational / Safe" }, "geometry": { "type": "Point", "coordinates": [ 80.1280388, 12.9239283 ] } },
{ "type": "Feature", "properties": { "element": "node", "id": 7821906859, "name": "Dr. Mehta Hospital", "amenity": "hospital", "healthcare": "hospital", "emergency": null, "facility_id": "hosp_216", "sampled_risk": 0.51279998, "is_safe": true, "safety_status": "Operational / Safe" }, "geometry": { "type": "Point", "coordinates": [ 80.1195168, 12.9323992 ] } },
{ "type": "Feature", "properties": { "element": "node", "id": 7821906860, "name": "Seshagiri Hospital", "amenity": "hospital", "healthcare": "hospital", "emergency": null, "facility_id": "hosp_217", "sampled_risk": 0.56309998, "is_safe": false, "safety_status": "Inundation Risk / Unsafe" }, "geometry": { "type": "Point", "coordinates": [ 80.1195747, 12.9301271 ] } },
{ "type": "Feature", "properties": { "element": "node", "id": 7821906861, "name": "Udhayam Maternity and General Hospital", "amenity": "hospital", "healthcare": "hospital", "emergency": null, "facility_id": "hosp_218", "sampled_risk": 0.6024, "is_safe": false, "safety_status": "Inundation Risk / Unsafe" }, "geometry": { "type": "Point", "coordinates": [ 80.117767, 12.9292541 ] } },
{ "type": "Feature", "properties": { "element": "node", "id": 7821906862, "name": "Children Care Centre", "amenity": "hospital", "healthcare": "hospital", "emergency": null, "facility_id": "hosp_219", "sampled_risk": 0.5546, "is_safe": false, "safety_status": "Inundation Risk / Unsafe" }, "geometry": { "type": "Point", "coordinates": [ 80.1059731, 12.9261301 ] } },
{ "type": "Feature", "properties": { "element": "node", "id": 7821906863, "name": "Madhu Hospital", "amenity": "hospital", "healthcare": "hospital", "emergency": null, "facility_id": "hosp_220", "sampled_risk": 0.52350003, "is_safe": true, "safety_status": "Operational / Safe" }, "geometry": { "type": "Point", "coordinates": [ 80.1270372, 12.9253206 ] } },
{ "type": "Feature", "properties": { "element": "node", "id": 7821906864, "name": "Vithagan Health Care Hospital", "amenity": "hospital", "healthcare": "hospital", "emergency": null, "facility_id": "hosp_221", "sampled_risk": 0.51480001, "is_safe": true, "safety_status": "Operational / Safe" }, "geometry": { "type": "Point", "coordinates": [ 80.1292693, 12.9234022 ] } },
{ "type": "Feature", "properties": { "element": "node", "id": 7821906865, "name": "Kathir Ortho, Neuro, Spine and Physiotherapy Clinic", "amenity": "clinic", "healthcare": "clinic", "emergency": null, "facility_id": "hosp_222", "sampled_risk": 0.56559998, "is_safe": false, "safety_status": "Inundation Risk / Unsafe" }, "geometry": { "type": "Point", "coordinates": [ 80.1178291, 12.929717 ] } },
{ "type": "Feature", "properties": { "element": "node", "id": 7821906866, "name": "Arul Hospital", "amenity": "hospital", "healthcare": "hospital", "emergency": null, "facility_id": "hosp_223", "sampled_risk": 0.54790002, "is_safe": false, "safety_status": "Inundation Risk / Unsafe" }, "geometry": { "type": "Point", "coordinates": [ 80.10622, 12.925426 ] } },
{ "type": "Feature", "properties": { "element": "node", "id": 7821906867, "name": "Dr. Kayal Subburam Health Clinic", "amenity": "clinic", "healthcare": "clinic", "emergency": null, "facility_id": "hosp_224", "sampled_risk": 0.4901, "is_safe": true, "safety_status": "Operational / Safe" }, "geometry": { "type": "Point", "coordinates": [ 80.14016, 12.9315748 ] } },
{ "type": "Feature", "properties": { "element": "node", "id": 7821906868, "name": "A.G Hospital", "amenity": "hospital", "healthcare": "hospital", "emergency": null, "facility_id": "hosp_225", "sampled_risk": 0.49610001, "is_safe": true, "safety_status": "Operational / Safe" }, "geometry": { "type": "Point", "coordinates": [ 80.1117834, 12.9264826 ] } },
{ "type": "Feature", "properties": { "element": "node", "id": 7821906869, "name": "Apollo Hospital", "amenity": "hospital", "healthcare": "hospital", "emergency": null, "facility_id": "hosp_226", "sampled_risk": 0.54759997, "is_safe": false, "safety_status": "Inundation Risk / Unsafe" }, "geometry": { "type": "Point", "coordinates": [ 80.1061223, 12.9243823 ] } },
{ "type": "Feature", "properties": { "element": "node", "id": 7821906871, "name": "Parvathy Ortho Hospital", "amenity": "hospital", "healthcare": "hospital", "emergency": null, "facility_id": "hosp_227", "sampled_risk": 0.53350002, "is_safe": true, "safety_status": "Operational / Safe" }, "geometry": { "type": "Point", "coordinates": [ 80.1078215, 12.9264209 ] } },
{ "type": "Feature", "properties": { "element": "node", "id": 7821906872, "name": "Dharani Clinic", "amenity": "clinic", "healthcare": "clinic", "emergency": null, "facility_id": "hosp_228", "sampled_risk": 0.58050001, "is_safe": false, "safety_status": "Inundation Risk / Unsafe" }, "geometry": { "type": "Point", "coordinates": [ 80.117029, 12.9299029 ] } },
{ "type": "Feature", "properties": { "element": "node", "id": 7821906873, "name": "N.L Poly Clinic", "amenity": "clinic", "healthcare": "clinic", "emergency": null, "facility_id": "hosp_229", "sampled_risk": 0.54159999, "is_safe": false, "safety_status": "Inundation Risk / Unsafe" }, "geometry": { "type": "Point", "coordinates": [ 80.1137446, 12.9269893 ] } },
{ "type": "Feature", "properties": { "element": "node", "id": 7821906875, "name": "Herbal Clinic", "amenity": "clinic", "healthcare": "clinic", "emergency": null, "facility_id": "hosp_230", "sampled_risk": 0.53380001, "is_safe": true, "safety_status": "Operational / Safe" }, "geometry": { "type": "Point", "coordinates": [ 80.1390785, 12.9297534 ] } },
{ "type": "Feature", "properties": { "element": "node", "id": 7821906876, "name": "Rainbow Women and Children's Hospital", "amenity": "hospital", "healthcare": "hospital", "emergency": null, "facility_id": "hosp_231", "sampled_risk": 0.5381, "is_safe": false, "safety_status": "Inundation Risk / Unsafe" }, "geometry": { "type": "Point", "coordinates": [ 80.1141393, 12.9255619 ] } },
{ "type": "Feature", "properties": { "element": "node", "id": 7821906877, "name": "A K Clinic", "amenity": "clinic", "healthcare": "clinic", "emergency": null, "facility_id": "hosp_232", "sampled_risk": 0.44850001, "is_safe": true, "safety_status": "Operational / Safe" }, "geometry": { "type": "Point", "coordinates": [ 80.1400661, 12.9347115 ] } },
{ "type": "Feature", "properties": { "element": "node", "id": 7821906878, "name": "Daya Speciality Clinic", "amenity": "clinic", "healthcare": "clinic", "emergency": null, "facility_id": "hosp_233", "sampled_risk": 0.5632, "is_safe": false, "safety_status": "Inundation Risk / Unsafe" }, "geometry": { "type": "Point", "coordinates": [ 80.127151, 12.915544 ] } },
{ "type": "Feature", "properties": { "element": "node", "id": 7821906879, "name": "Elmer Kidney Care", "amenity": "hospital", "healthcare": "hospital", "emergency": null, "facility_id": "hosp_234", "sampled_risk": 0.53490001, "is_safe": true, "safety_status": "Operational / Safe" }, "geometry": { "type": "Point", "coordinates": [ 80.112985, 12.927288 ] } },
{ "type": "Feature", "properties": { "element": "node", "id": 7821906880, "name": "Dr. Pradeep Ortho Clinic", "amenity": "clinic", "healthcare": "clinic", "emergency": null, "facility_id": "hosp_235", "sampled_risk": 0.4197, "is_safe": true, "safety_status": "Operational / Safe" }, "geometry": { "type": "Point", "coordinates": [ 80.142459, 12.936992 ] } },
{ "type": "Feature", "properties": { "element": "node", "id": 7821906881, "name": "Clinic Get Well", "amenity": "clinic", "healthcare": "clinic", "emergency": null, "facility_id": "hosp_236", "sampled_risk": 0.56129998, "is_safe": false, "safety_status": "Inundation Risk / Unsafe" }, "geometry": { "type": "Point", "coordinates": [ 80.1297593, 12.9296894 ] } },
{ "type": "Feature", "properties": { "element": "node", "id": 7821906882, "name": "Shivam Clinic", "amenity": "clinic", "healthcare": "clinic", "emergency": null, "facility_id": "hosp_237", "sampled_risk": 0.51480001, "is_safe": true, "safety_status": "Operational / Safe" }, "geometry": { "type": "Point", "coordinates": [ 80.1393013, 12.9302553 ] } },
{ "type": "Feature", "properties": { "element": "node", "id": 7821906885, "name": "Dr. K. Srinivasan Clinic", "amenity": "clinic", "healthcare": "clinic", "emergency": null, "facility_id": "hosp_238", "sampled_risk": 0.54189998, "is_safe": false, "safety_status": "Inundation Risk / Unsafe" }, "geometry": { "type": "Point", "coordinates": [ 80.1047036, 12.9254621 ] } },
{ "type": "Feature", "properties": { "element": "node", "id": 7821906887, "name": "Sri Jayam Hospital", "amenity": "hospital", "healthcare": "hospital", "emergency": null, "facility_id": "hosp_239", "sampled_risk": 0.57950002, "is_safe": false, "safety_status": "Inundation Risk / Unsafe" }, "geometry": { "type": "Point", "coordinates": [ 80.1152234, 12.9279511 ] } },
{ "type": "Feature", "properties": { "element": "node", "id": 7821906889, "name": "Raindew Hospital", "amenity": "hospital", "healthcare": "hospital", "emergency": null, "facility_id": "hosp_240", "sampled_risk": 0.49950001, "is_safe": true, "safety_status": "Operational / Safe" }, "geometry": { "type": "Point", "coordinates": [ 80.1121876, 12.9249694 ] } },
{ "type": "Feature", "properties": { "element": "node", "id": 7821906890, "name": "Lakshmi Nursing Home", "amenity": "clinic", "healthcare": "clinic", "emergency": null, "facility_id": "hosp_241", "sampled_risk": 0.4533, "is_safe": true, "safety_status": "Operational / Safe" }, "geometry": { "type": "Point", "coordinates": [ 80.142515, 12.9356447 ] } },
{ "type": "Feature", "properties": { "element": "node", "id": 7821906891, "name": "Dr. R. Thiruthali Nathan Clinic", "amenity": "clinic", "healthcare": "clinic", "emergency": null, "facility_id": "hosp_242", "sampled_risk": 0.49849999, "is_safe": true, "safety_status": "Operational / Safe" }, "geometry": { "type": "Point", "coordinates": [ 80.128523, 12.9238573 ] } },
{ "type": "Feature", "properties": { "element": "node", "id": 7821906892, "name": "M.J. Hospital", "amenity": "hospital", "healthcare": "hospital", "emergency": null, "facility_id": "hosp_243", "sampled_risk": 0.54369998, "is_safe": false, "safety_status": "Inundation Risk / Unsafe" }, "geometry": { "type": "Point", "coordinates": [ 80.1280627, 12.9225987 ] } },
{ "type": "Feature", "properties": { "element": "node", "id": 7821906893, "name": "Eye Clinic", "amenity": "clinic", "healthcare": "clinic", "emergency": null, "facility_id": "hosp_244", "sampled_risk": 0.54159999, "is_safe": false, "safety_status": "Inundation Risk / Unsafe" }, "geometry": { "type": "Point", "coordinates": [ 80.1136956, 12.9270162 ] } },
{ "type": "Feature", "properties": { "element": "node", "id": 7821906894, "name": "Sudar Hospital", "amenity": "hospital", "healthcare": "hospital", "emergency": null, "facility_id": "hosp_245", "sampled_risk": 0.57010001, "is_safe": false, "safety_status": "Inundation Risk / Unsafe" }, "geometry": { "type": "Point", "coordinates": [ 80.1175824, 12.9302816 ] } },
{ "type": "Feature", "properties": { "element": "node", "id": 7821906895, "name": "Sai Vijay Ayurvedic Herbal Health Care", "amenity": "hospital", "healthcare": "hospital", "emergency": null, "facility_id": "hosp_246", "sampled_risk": 0.53539997, "is_safe": true, "safety_status": "Operational / Safe" }, "geometry": { "type": "Point", "coordinates": [ 80.1270401, 12.9233238 ] } },
{ "type": "Feature", "properties": { "element": "node", "id": 7821906896, "name": "Jordan Ayur Care Clinic", "amenity": "clinic", "healthcare": "clinic", "emergency": null, "facility_id": "hosp_247", "sampled_risk": 0.51819998, "is_safe": true, "safety_status": "Operational / Safe" }, "geometry": { "type": "Point", "coordinates": [ 80.1316029, 12.9286483 ] } },
{ "type": "Feature", "properties": { "element": "node", "id": 7821906898, "name": "Usha Clinic", "amenity": "clinic", "healthcare": "clinic", "emergency": null, "facility_id": "hosp_248", "sampled_risk": 0.52020001, "is_safe": true, "safety_status": "Operational / Safe" }, "geometry": { "type": "Point", "coordinates": [ 80.130314, 12.9230894 ] } },
{ "type": "Feature", "properties": { "element": "node", "id": 7821906899, "name": "Hema Child Clinic", "amenity": "clinic", "healthcare": "clinic", "emergency": null, "facility_id": "hosp_249", "sampled_risk": 0.523, "is_safe": true, "safety_status": "Operational / Safe" }, "geometry": { "type": "Point", "coordinates": [ 80.1122022, 12.9274021 ] } },
{ "type": "Feature", "properties": { "element": "node", "id": 7821906900, "name": "Jains Clinic", "amenity": "clinic", "healthcare": "clinic", "emergency": null, "facility_id": "hosp_250", "sampled_risk": 0.54519999, "is_safe": false, "safety_status": "Inundation Risk / Unsafe" }, "geometry": { "type": "Point", "coordinates": [ 80.1323938, 12.9336075 ] } },
{ "type": "Feature", "properties": { "element": "node", "id": 7821906902, "name": "Venkateshwara Siddhartha Clinic", "amenity": "clinic", "healthcare": "clinic", "emergency": null, "facility_id": "hosp_251", "sampled_risk": 0.53829998, "is_safe": false, "safety_status": "Inundation Risk / Unsafe" }, "geometry": { "type": "Point", "coordinates": [ 80.1299031, 12.9226905 ] } },
{ "type": "Feature", "properties": { "element": "node", "id": 7821906903, "name": "Manimegalai Hospital", "amenity": "hospital", "healthcare": "hospital", "emergency": null, "facility_id": "hosp_252", "sampled_risk": 0.4513, "is_safe": true, "safety_status": "Operational / Safe" }, "geometry": { "type": "Point", "coordinates": [ 80.1394473, 12.9370716 ] } },
{ "type": "Feature", "properties": { "element": "node", "id": 7821906905, "name": "K.K. Eye Health Care and Research Centre", "amenity": "clinic", "healthcare": "clinic", "emergency": null, "facility_id": "hosp_253", "sampled_risk": 0.55309999, "is_safe": false, "safety_status": "Inundation Risk / Unsafe" }, "geometry": { "type": "Point", "coordinates": [ 80.118488, 12.9305925 ] } },
{ "type": "Feature", "properties": { "element": "node", "id": 7821906906, "name": "Rajarajan Venkateshan Hospital", "amenity": "hospital", "healthcare": "hospital", "emergency": null, "facility_id": "hosp_254", "sampled_risk": 0.55659997, "is_safe": false, "safety_status": "Inundation Risk / Unsafe" }, "geometry": { "type": "Point", "coordinates": [ 80.1060872, 12.9261078 ] } },
{ "type": "Feature", "properties": { "element": "node", "id": 7821906907, "name": "Dhanwanthralaya Ayurveda Speciality Hospital", "amenity": "hospital", "healthcare": "hospital", "emergency": null, "facility_id": "hosp_255", "sampled_risk": 0.50580001, "is_safe": true, "safety_status": "Operational / Safe" }, "geometry": { "type": "Point", "coordinates": [ 80.1071121, 12.9309721 ] } },
{ "type": "Feature", "properties": { "element": "node", "id": 7821906908, "name": "Dhanwantralaya", "amenity": "hospital", "healthcare": "hospital", "emergency": null, "facility_id": "hosp_256", "sampled_risk": 0.49869999, "is_safe": true, "safety_status": "Operational / Safe" }, "geometry": { "type": "Point", "coordinates": [ 80.11211, 12.926297 ] } },
{ "type": "Feature", "properties": { "element": "node", "id": 7822259982, "name": "Radha Nantha Homeo Clinic", "amenity": "clinic", "healthcare": "clinic", "emergency": null, "facility_id": "hosp_257", "sampled_risk": 0.57429999, "is_safe": false, "safety_status": "Inundation Risk / Unsafe" }, "geometry": { "type": "Point", "coordinates": [ 80.1945162, 12.9146216 ] } },
{ "type": "Feature", "properties": { "element": "node", "id": 7822259983, "name": "Orange Physiotherapy and Pain Relief Clinic", "amenity": "clinic", "healthcare": "clinic", "emergency": null, "facility_id": "hosp_258", "sampled_risk": 0.48010001, "is_safe": true, "safety_status": "Operational / Safe" }, "geometry": { "type": "Point", "coordinates": [ 80.1790739, 12.9151632 ] } },
{ "type": "Feature", "properties": { "element": "node", "id": 7822259984, "name": "Deepam Rehabilitation Centre", "amenity": "hospital", "healthcare": "hospital", "emergency": null, "facility_id": "hosp_259", "sampled_risk": 0.49579999, "is_safe": true, "safety_status": "Operational / Safe" }, "geometry": { "type": "Point", "coordinates": [ 80.1789307, 12.9163865 ] } },
{ "type": "Feature", "properties": { "element": "node", "id": 7822259986, "name": "HCL Health Care", "amenity": "hospital", "healthcare": "hospital", "emergency": null, "facility_id": "hosp_260", "sampled_risk": 0.53500003, "is_safe": true, "safety_status": "Operational / Safe" }, "geometry": { "type": "Point", "coordinates": [ 80.216804, 12.9044723 ] } },
{ "type": "Feature", "properties": { "element": "node", "id": 7822259987, "name": "Ganesh Hospital", "amenity": "hospital", "healthcare": null, "emergency": null, "facility_id": "hosp_261", "sampled_risk": 0.5025, "is_safe": true, "safety_status": "Operational / Safe" }, "geometry": { "type": "Point", "coordinates": [ 80.1570082, 12.9082585 ] } },
{ "type": "Feature", "properties": { "element": "node", "id": 7822259988, "name": "Subasree Hospital", "amenity": "hospital", "healthcare": "hospital", "emergency": null, "facility_id": "hosp_262", "sampled_risk": 0.57440001, "is_safe": false, "safety_status": "Inundation Risk / Unsafe" }, "geometry": { "type": "Point", "coordinates": [ 80.1940932, 12.916822 ] } },
{ "type": "Feature", "properties": { "element": "node", "id": 7822259991, "name": "Kanmani Children Clinic", "amenity": "clinic", "healthcare": "clinic", "emergency": null, "facility_id": "hosp_263", "sampled_risk": 0.54100001, "is_safe": false, "safety_status": "Inundation Risk / Unsafe" }, "geometry": { "type": "Point", "coordinates": [ 80.1874461, 12.9178805 ] } },
{ "type": "Feature", "properties": { "element": "node", "id": 7822259994, "name": "Jaya ENT Clinic", "amenity": "clinic", "healthcare": null, "emergency": null, "facility_id": "hosp_264", "sampled_risk": 0.5054, "is_safe": true, "safety_status": "Operational / Safe" }, "geometry": { "type": "Point", "coordinates": [ 80.1564526, 12.9110988 ] } },
{ "type": "Feature", "properties": { "element": "node", "id": 7822259997, "name": "Anto Speciality Clinic", "amenity": "clinic", "healthcare": null, "emergency": null, "facility_id": "hosp_265", "sampled_risk": 0.55510002, "is_safe": false, "safety_status": "Inundation Risk / Unsafe" }, "geometry": { "type": "Point", "coordinates": [ 80.1902143, 12.9163132 ] } },
{ "type": "Feature", "properties": { "element": "node", "id": 7822259999, "name": "Homeopathic Clinic", "amenity": "clinic", "healthcare": null, "emergency": null, "facility_id": "hosp_266", "sampled_risk": 0.51059997, "is_safe": true, "safety_status": "Operational / Safe" }, "geometry": { "type": "Point", "coordinates": [ 80.1823512, 12.9142526 ] } },
{ "type": "Feature", "properties": { "element": "node", "id": 7822260000, "name": "Rithika Netralaya Eye Clinic", "amenity": "clinic", "healthcare": "clinic", "emergency": null, "facility_id": "hosp_267", "sampled_risk": 0.5406, "is_safe": false, "safety_status": "Inundation Risk / Unsafe" }, "geometry": { "type": "Point", "coordinates": [ 80.1918203, 12.9131433 ] } },
{ "type": "Feature", "properties": { "element": "node", "id": 7822260001, "name": "Sri Balaji Hospital", "amenity": "hospital", "healthcare": "hospital", "emergency": null, "facility_id": "hosp_268", "sampled_risk": 0.55150002, "is_safe": false, "safety_status": "Inundation Risk / Unsafe" }, "geometry": { "type": "Point", "coordinates": [ 80.190331, 12.9178242 ] } },
{ "type": "Feature", "properties": { "element": "node", "id": 7822260002, "name": "Santhosh Family Clinic", "amenity": "clinic", "healthcare": null, "emergency": null, "facility_id": "hosp_269", "sampled_risk": 0.4585, "is_safe": true, "safety_status": "Operational / Safe" }, "geometry": { "type": "Point", "coordinates": [ 80.1538261, 12.9145269 ] } },
{ "type": "Feature", "properties": { "element": "node", "id": 7822260003, "name": "Lakshminarayan Clinic", "amenity": "clinic", "healthcare": null, "emergency": null, "facility_id": "hosp_270", "sampled_risk": 0.45289999, "is_safe": true, "safety_status": "Operational / Safe" }, "geometry": { "type": "Point", "coordinates": [ 80.1530485, 12.9153721 ] } },
{ "type": "Feature", "properties": { "element": "node", "id": 7822260004, "name": "S.V. Hospital", "amenity": "hospital", "healthcare": null, "emergency": null, "facility_id": "hosp_271", "sampled_risk": 0.53689998, "is_safe": false, "safety_status": "Inundation Risk / Unsafe" }, "geometry": { "type": "Point", "coordinates": [ 80.2026845, 12.9069075 ] } },
{ "type": "Feature", "properties": { "element": "node", "id": 7822260005, "name": "Bethel Hospital", "amenity": "hospital", "healthcare": null, "emergency": null, "facility_id": "hosp_272", "sampled_risk": 0.50340003, "is_safe": true, "safety_status": "Operational / Safe" }, "geometry": { "type": "Point", "coordinates": [ 80.1563114, 12.9114303 ] } },
{ "type": "Feature", "properties": { "element": "node", "id": 7822260007, "name": "Sai Babaji's Accupuncture Centre", "amenity": "hospital", "healthcare": "hospital", "emergency": null, "facility_id": "hosp_273", "sampled_risk": 0.43720001, "is_safe": true, "safety_status": "Operational / Safe" }, "geometry": { "type": "Point", "coordinates": [ 80.1712083, 12.9186472 ] } },
{ "type": "Feature", "properties": { "element": "node", "id": 7822260011, "name": "Shanthi General Hospital", "amenity": "hospital", "healthcare": "hospital", "emergency": null, "facility_id": "hosp_274", "sampled_risk": 0.48300001, "is_safe": true, "safety_status": "Operational / Safe" }, "geometry": { "type": "Point", "coordinates": [ 80.153003, 12.9233066 ] } },
{ "type": "Feature", "properties": { "element": "node", "id": 7822260013, "name": "Vishwapraja Clinic", "amenity": "clinic", "healthcare": "clinic", "emergency": null, "facility_id": "hosp_275", "sampled_risk": 0.45120001, "is_safe": true, "safety_status": "Operational / Safe" }, "geometry": { "type": "Point", "coordinates": [ 80.1495551, 12.9255834 ] } },
{ "type": "Feature", "properties": { "element": "node", "id": 7822260015, "name": "Lakshana Ortho Centre", "amenity": "clinic", "healthcare": null, "emergency": null, "facility_id": "hosp_276", "sampled_risk": 0.50080001, "is_safe": true, "safety_status": "Operational / Safe" }, "geometry": { "type": "Point", "coordinates": [ 80.151639, 12.924333 ] } },
{ "type": "Feature", "properties": { "element": "node", "id": 7822260016, "name": "Karthick Children's Hospital", "amenity": "hospital", "healthcare": "hospital", "emergency": null, "facility_id": "hosp_277", "sampled_risk": 0.5535, "is_safe": false, "safety_status": "Inundation Risk / Unsafe" }, "geometry": { "type": "Point", "coordinates": [ 80.192466, 12.9123221 ] } },
{ "type": "Feature", "properties": { "element": "node", "id": 7822260017, "name": "Arun Hospital", "amenity": "hospital", "healthcare": "hospital", "emergency": null, "facility_id": "hosp_278", "sampled_risk": 0.57429999, "is_safe": false, "safety_status": "Inundation Risk / Unsafe" }, "geometry": { "type": "Point", "coordinates": [ 80.1948032, 12.9149784 ] } },
{ "type": "Feature", "properties": { "element": "node", "id": 7822260018, "name": "Radial Ortho Speciality Hospital", "amenity": "hospital", "healthcare": "hospital", "emergency": null, "facility_id": "hosp_279", "sampled_risk": 0.55320001, "is_safe": false, "safety_status": "Inundation Risk / Unsafe" }, "geometry": { "type": "Point", "coordinates": [ 80.1915965, 12.9131978 ] } },
{ "type": "Feature", "properties": { "element": "node", "id": 7822260022, "name": "Dr. Hema's Skin and Hair Clinic", "amenity": "clinic", "healthcare": "clinic", "emergency": null, "facility_id": "hosp_280", "sampled_risk": 0.57429999, "is_safe": false, "safety_status": "Inundation Risk / Unsafe" }, "geometry": { "type": "Point", "coordinates": [ 80.1939427, 12.9164281 ] } },
{ "type": "Feature", "properties": { "element": "node", "id": 7822260024, "name": "U.P. Clinic", "amenity": "clinic", "healthcare": "clinic", "emergency": null, "facility_id": "hosp_281", "sampled_risk": 0.57429999, "is_safe": false, "safety_status": "Inundation Risk / Unsafe" }, "geometry": { "type": "Point", "coordinates": [ 80.194535, 12.9144308 ] } },
{ "type": "Feature", "properties": { "element": "node", "id": 7822260025, "name": "Maternity and Child Care Hospital", "amenity": "hospital", "healthcare": "hospital", "emergency": null, "facility_id": "hosp_282", "sampled_risk": 0.51300001, "is_safe": true, "safety_status": "Operational / Safe" }, "geometry": { "type": "Point", "coordinates": [ 80.1896622, 12.9164866 ] } },
{ "type": "Feature", "properties": { "element": "node", "id": 7822260026, "name": "Green Land Heart Care Clinic", "amenity": "clinic", "healthcare": "clinic", "emergency": null, "facility_id": "hosp_283", "sampled_risk": 0.574, "is_safe": false, "safety_status": "Inundation Risk / Unsafe" }, "geometry": { "type": "Point", "coordinates": [ 80.1921012, 12.9162677 ] } },
{ "type": "Feature", "properties": { "element": "node", "id": 7822260027, "name": "Sanjeevi's Ayurveda Therapy Centre", "amenity": "hospital", "healthcare": null, "emergency": null, "facility_id": "hosp_284", "sampled_risk": 0.50739998, "is_safe": true, "safety_status": "Operational / Safe" }, "geometry": { "type": "Point", "coordinates": [ 80.1571623, 12.9087161 ] } },
{ "type": "Feature", "properties": { "element": "node", "id": 7822260030, "name": "Jeevan Clinic", "amenity": "clinic", "healthcare": null, "emergency": null, "facility_id": "hosp_285", "sampled_risk": 0.49770001, "is_safe": true, "safety_status": "Operational / Safe" }, "geometry": { "type": "Point", "coordinates": [ 80.156688, 12.9095 ] } },
{ "type": "Feature", "properties": { "element": "node", "id": 7822260032, "name": "Shri Balaji Diabetes Hospital", "amenity": "hospital", "healthcare": "hospital", "emergency": null, "facility_id": "hosp_286", "sampled_risk": 0.547, "is_safe": false, "safety_status": "Inundation Risk / Unsafe" }, "geometry": { "type": "Point", "coordinates": [ 80.1929516, 12.9150069 ] } },
{ "type": "Feature", "properties": { "element": "node", "id": 7822260034, "name": "Ramana Siddha Clinic", "amenity": "clinic", "healthcare": null, "emergency": null, "facility_id": "hosp_287", "sampled_risk": 0.44780001, "is_safe": true, "safety_status": "Operational / Safe" }, "geometry": { "type": "Point", "coordinates": [ 80.161282, 12.912552 ] } },
{ "type": "Feature", "properties": { "element": "node", "id": 7822260038, "name": "Annai Teresa Hospital", "amenity": "hospital", "healthcare": "hospital", "emergency": null, "facility_id": "hosp_288", "sampled_risk": 0.5205, "is_safe": true, "safety_status": "Operational / Safe" }, "geometry": { "type": "Point", "coordinates": [ 80.1892056, 12.9184999 ] } },
{ "type": "Feature", "properties": { "element": "node", "id": 7822260039, "name": "Dr. Kamakshi Multi Speciality Clinic", "amenity": "clinic", "healthcare": "clinic", "emergency": null, "facility_id": "hosp_289", "sampled_risk": 0.5284, "is_safe": true, "safety_status": "Operational / Safe" }, "geometry": { "type": "Point", "coordinates": [ 80.1874984, 12.9188404 ] } },
{ "type": "Feature", "properties": { "element": "node", "id": 7822260040, "name": "Government Hospital", "amenity": "hospital", "healthcare": null, "emergency": null, "facility_id": "hosp_290", "sampled_risk": 0.50730002, "is_safe": true, "safety_status": "Operational / Safe" }, "geometry": { "type": "Point", "coordinates": [ 80.1571273, 12.9073656 ] } },
{ "type": "Feature", "properties": { "element": "node", "id": 7822260043, "name": "Prayoga Hospital", "amenity": "hospital", "healthcare": null, "emergency": null, "facility_id": "hosp_291", "sampled_risk": 0.47940001, "is_safe": true, "safety_status": "Operational / Safe" }, "geometry": { "type": "Point", "coordinates": [ 80.1525123, 12.918236 ] } },
{ "type": "Feature", "properties": { "element": "node", "id": 7822260047, "name": "Neurologist, Praveen Chander Clinic", "amenity": "clinic", "healthcare": "clinic", "emergency": null, "facility_id": "hosp_292", "sampled_risk": 0.55510002, "is_safe": false, "safety_status": "Inundation Risk / Unsafe" }, "geometry": { "type": "Point", "coordinates": [ 80.1903834, 12.9161405 ] } },
{ "type": "Feature", "properties": { "element": "node", "id": 7822260051, "name": "C-Dot Hospital", "amenity": "hospital", "healthcare": null, "emergency": null, "facility_id": "hosp_293", "sampled_risk": 0.54519999, "is_safe": false, "safety_status": "Inundation Risk / Unsafe" }, "geometry": { "type": "Point", "coordinates": [ 80.2027359, 12.9072738 ] } },
{ "type": "Feature", "properties": { "element": "node", "id": 7822260055, "name": "Mugavari Eye Hospital and Research Institute", "amenity": "hospital", "healthcare": "hospital", "emergency": null, "facility_id": "hosp_294", "sampled_risk": 0.574, "is_safe": false, "safety_status": "Inundation Risk / Unsafe" }, "geometry": { "type": "Point", "coordinates": [ 80.1921463, 12.9167105 ] } },
{ "type": "Feature", "properties": { "element": "node", "id": 7822260056, "name": "Global Hospital", "amenity": "hospital", "healthcare": "hospital", "emergency": null, "facility_id": "hosp_295", "sampled_risk": 0.55360001, "is_safe": false, "safety_status": "Inundation Risk / Unsafe" }, "geometry": { "type": "Point", "coordinates": [ 80.2072713, 12.9060064 ] } },
{ "type": "Feature", "properties": { "element": "node", "id": 7822260057, "name": "Jeeva Clinic", "amenity": "clinic", "healthcare": "clinic", "emergency": null, "facility_id": "hosp_296", "sampled_risk": 0.4438, "is_safe": true, "safety_status": "Operational / Safe" }, "geometry": { "type": "Point", "coordinates": [ 80.170739, 12.9176778 ] } },
{ "type": "Feature", "properties": { "element": "node", "id": 7822543394, "name": "Anbu Multi Speciality Clinic", "amenity": "clinic", "healthcare": "clinic", "emergency": null, "facility_id": "hosp_297", "sampled_risk": 0.4436, "is_safe": true, "safety_status": "Operational / Safe" }, "geometry": { "type": "Point", "coordinates": [ 80.1338146, 12.9561969 ] } },
{ "type": "Feature", "properties": { "element": "node", "id": 7822543395, "name": "Avinash Ortho Hospital", "amenity": "hospital", "healthcare": null, "emergency": null, "facility_id": "hosp_298", "sampled_risk": 0.47389999, "is_safe": true, "safety_status": "Operational / Safe" }, "geometry": { "type": "Point", "coordinates": [ 80.1725401, 12.9383762 ] } },
{ "type": "Feature", "properties": { "element": "node", "id": 7822543396, "name": "Swathi Clinic", "amenity": "clinic", "healthcare": "clinic", "emergency": null, "facility_id": "hosp_299", "sampled_risk": 0.42320001, "is_safe": true, "safety_status": "Operational / Safe" }, "geometry": { "type": "Point", "coordinates": [ 80.1426332, 12.9497553 ] } },
{ "type": "Feature", "properties": { "element": "node", "id": 7822543397, "name": "Dr. Kengadevi Nambiraj Clinic", "amenity": "clinic", "healthcare": "clinic", "emergency": null, "facility_id": "hosp_300", "sampled_risk": 0.383, "is_safe": true, "safety_status": "Operational / Safe" }, "geometry": { "type": "Point", "coordinates": [ 80.1467822, 12.9473369 ] } },
{ "type": "Feature", "properties": { "element": "node", "id": 7822543398, "name": "Om Sakti Clinic", "amenity": "clinic", "healthcare": "clinic", "emergency": null, "facility_id": "hosp_301", "sampled_risk": 0.47889999, "is_safe": true, "safety_status": "Operational / Safe" }, "geometry": { "type": "Point", "coordinates": [ 80.1792831, 12.9388007 ] } },
{ "type": "Feature", "properties": { "element": "node", "id": 7822543399, "name": "Kavitha Ortho and Multi Speciality Hospital", "amenity": "hospital", "healthcare": "hospital", "emergency": null, "facility_id": "hosp_302", "sampled_risk": 0.36210001, "is_safe": true, "safety_status": "Operational / Safe" }, "geometry": { "type": "Point", "coordinates": [ 80.1513316, 12.9502691 ] } },
{ "type": "Feature", "properties": { "element": "node", "id": 7822543402, "name": "Dr. Gomathi Hospital", "amenity": "hospital", "healthcare": "hospital", "emergency": null, "facility_id": "hosp_303", "sampled_risk": 0.45120001, "is_safe": true, "safety_status": "Operational / Safe" }, "geometry": { "type": "Point", "coordinates": [ 80.131944, 12.955108 ] } },
{ "type": "Feature", "properties": { "element": "node", "id": 7822543403, "name": "Sri Vinayaga Clinic", "amenity": "clinic", "healthcare": null, "emergency": null, "facility_id": "hosp_304", "sampled_risk": 0.718, "is_safe": false, "safety_status": "Inundation Risk / Unsafe" }, "geometry": { "type": "Point", "coordinates": [ 80.2015489, 12.9208368 ] } },
{ "type": "Feature", "properties": { "element": "node", "id": 7822543404, "name": "Dr. Tamilarasan Clinic", "amenity": "clinic", "healthcare": "clinic", "emergency": null, "facility_id": "hosp_305", "sampled_risk": 0.287, "is_safe": true, "safety_status": "Operational / Safe" }, "geometry": { "type": "Point", "coordinates": [ 80.1394665, 12.9575583 ] } },
{ "type": "Feature", "properties": { "element": "node", "id": 7822543406, "name": "Ray's Head, Neck Care Centre-ENT and Dental Clinic", "amenity": "hospital", "healthcare": "hospital", "emergency": null, "facility_id": "hosp_306", "sampled_risk": 0.4492, "is_safe": true, "safety_status": "Operational / Safe" }, "geometry": { "type": "Point", "coordinates": [ 80.1340441, 12.9549234 ] } },
{ "type": "Feature", "properties": { "element": "node", "id": 7822543408, "name": "The Perima Clinic", "amenity": "clinic", "healthcare": "clinic", "emergency": null, "facility_id": "hosp_307", "sampled_risk": 0.30540001, "is_safe": true, "safety_status": "Operational / Safe" }, "geometry": { "type": "Point", "coordinates": [ 80.1439954, 12.9586767 ] } },
{ "type": "Feature", "properties": { "element": "node", "id": 7822543409, "name": "Meena Clinic", "amenity": "clinic", "healthcare": "clinic", "emergency": null, "facility_id": "hosp_308", "sampled_risk": 0.54299998, "is_safe": false, "safety_status": "Inundation Risk / Unsafe" }, "geometry": { "type": "Point", "coordinates": [ 80.1820574, 12.9370245 ] } },
{ "type": "Feature", "properties": { "element": "node", "id": 7822543411, "name": "S.M Clinic", "amenity": "clinic", "healthcare": "clinic", "emergency": null, "facility_id": "hosp_309", "sampled_risk": 0.67430001, "is_safe": false, "safety_status": "Inundation Risk / Unsafe" }, "geometry": { "type": "Point", "coordinates": [ 80.2078664, 12.9308777 ] } },
{ "type": "Feature", "properties": { "element": "node", "id": 7822543412, "name": "Dr. Sujatha Accupuncture Clinic", "amenity": "clinic", "healthcare": "clinic", "emergency": null, "facility_id": "hosp_310", "sampled_risk": 0.36090001, "is_safe": true, "safety_status": "Operational / Safe" }, "geometry": { "type": "Point", "coordinates": [ 80.146919, 12.951173 ] } },
{ "type": "Feature", "properties": { "element": "node", "id": 7822543413, "name": "Cuticle Skin Care Clinic", "amenity": "clinic", "healthcare": "clinic", "emergency": null, "facility_id": "hosp_311", "sampled_risk": 0.71850002, "is_safe": false, "safety_status": "Inundation Risk / Unsafe" }, "geometry": { "type": "Point", "coordinates": [ 80.202681, 12.928255 ] } },
{ "type": "Feature", "properties": { "element": "node", "id": 7822543415, "name": "Radial Ortho Clinic", "amenity": "clinic", "healthcare": "clinic", "emergency": null, "facility_id": "hosp_312", "sampled_risk": 0.71899998, "is_safe": false, "safety_status": "Inundation Risk / Unsafe" }, "geometry": { "type": "Point", "coordinates": [ 80.203583, 12.934049 ] } },
{ "type": "Feature", "properties": { "element": "node", "id": 7822543416, "name": "Sri Santhanakrishna Padmavati Health Care and Research Centre", "amenity": "hospital", "healthcare": "hospital", "emergency": null, "facility_id": "hosp_313", "sampled_risk": 0.46160001, "is_safe": true, "safety_status": "Operational / Safe" }, "geometry": { "type": "Point", "coordinates": [ 80.1399766, 12.9462077 ] } },
{ "type": "Feature", "properties": { "element": "node", "id": 7822543417, "name": "Triveni Nursing Home", "amenity": "clinic", "healthcare": "clinic", "emergency": null, "facility_id": "hosp_314", "sampled_risk": 0.33140001, "is_safe": true, "safety_status": "Operational / Safe" }, "geometry": { "type": "Point", "coordinates": [ 80.1453708, 12.957374 ] } },
{ "type": "Feature", "properties": { "element": "node", "id": 7822543420, "name": "Bethany Physiotherapy Centre", "amenity": "clinic", "healthcare": "clinic", "emergency": null, "facility_id": "hosp_315", "sampled_risk": 0.71859998, "is_safe": false, "safety_status": "Inundation Risk / Unsafe" }, "geometry": { "type": "Point", "coordinates": [ 80.2026963, 12.928455 ] } },
{ "type": "Feature", "properties": { "element": "node", "id": 7822543421, "name": "Dr. Shakuntala Venkatesh Nursing Home", "amenity": "clinic", "healthcare": "clinic", "emergency": null, "facility_id": "hosp_316", "sampled_risk": 0.5528, "is_safe": false, "safety_status": "Inundation Risk / Unsafe" }, "geometry": { "type": "Point", "coordinates": [ 80.183132, 12.935226 ] } },
{ "type": "Feature", "properties": { "element": "node", "id": 7822543422, "name": "Janya Child Clinic", "amenity": "clinic", "healthcare": null, "emergency": null, "facility_id": "hosp_317", "sampled_risk": 0.71829998, "is_safe": false, "safety_status": "Inundation Risk / Unsafe" }, "geometry": { "type": "Point", "coordinates": [ 80.2008099, 12.9287243 ] } },
{ "type": "Feature", "properties": { "element": "node", "id": 7822543423, "name": "Sri Venkateshwara Hospital", "amenity": "hospital", "healthcare": "hospital", "emergency": null, "facility_id": "hosp_318", "sampled_risk": 0.4411, "is_safe": true, "safety_status": "Operational / Safe" }, "geometry": { "type": "Point", "coordinates": [ 80.1339845, 12.9540623 ] } },
{ "type": "Feature", "properties": { "element": "node", "id": 7822543424, "name": "Dr. Velmurugan Hospital", "amenity": "hospital", "healthcare": "hospital", "emergency": null, "facility_id": "hosp_319", "sampled_risk": 0.71869999, "is_safe": false, "safety_status": "Inundation Risk / Unsafe" }, "geometry": { "type": "Point", "coordinates": [ 80.2029589, 12.9296419 ] } },
{ "type": "Feature", "properties": { "element": "node", "id": 7822543425, "name": "Shree's Women Speciality Clinic", "amenity": "clinic", "healthcare": null, "emergency": null, "facility_id": "hosp_320", "sampled_risk": 0.71829998, "is_safe": false, "safety_status": "Inundation Risk / Unsafe" }, "geometry": { "type": "Point", "coordinates": [ 80.2017237, 12.926507 ] } },
{ "type": "Feature", "properties": { "element": "node", "id": 7822543426, "name": "Sri Ram Hospital", "amenity": "hospital", "healthcare": "hospital", "emergency": null, "facility_id": "hosp_321", "sampled_risk": 0.34900001, "is_safe": true, "safety_status": "Operational / Safe" }, "geometry": { "type": "Point", "coordinates": [ 80.1349811, 12.9499064 ] } },
{ "type": "Feature", "properties": { "element": "node", "id": 7822543427, "name": "Premalatha Clinic", "amenity": "clinic", "healthcare": "clinic", "emergency": null, "facility_id": "hosp_322", "sampled_risk": 0.39680001, "is_safe": true, "safety_status": "Operational / Safe" }, "geometry": { "type": "Point", "coordinates": [ 80.1360407, 12.9583302 ] } },
{ "type": "Feature", "properties": { "element": "node", "id": 7822543429, "name": "Kidney Hospital and Diagnostic Centre", "amenity": "hospital", "healthcare": "hospital", "emergency": null, "facility_id": "hosp_323", "sampled_risk": 0.36410001, "is_safe": true, "safety_status": "Operational / Safe" }, "geometry": { "type": "Point", "coordinates": [ 80.137893, 12.952496 ] } },
{ "type": "Feature", "properties": { "element": "node", "id": 7822543430, "name": "AM Hospital", "amenity": "hospital", "healthcare": "hospital", "emergency": null, "facility_id": "hosp_324", "sampled_risk": 0.53649998, "is_safe": false, "safety_status": "Inundation Risk / Unsafe" }, "geometry": { "type": "Point", "coordinates": [ 80.1819961, 12.9344546 ] } },
{ "type": "Feature", "properties": { "element": "node", "id": 7822543431, "name": "Al-Aafiyah Clinic", "amenity": "clinic", "healthcare": "clinic", "emergency": null, "facility_id": "hosp_325", "sampled_risk": 0.71890002, "is_safe": false, "safety_status": "Inundation Risk / Unsafe" }, "geometry": { "type": "Point", "coordinates": [ 80.2051951, 12.9280018 ] } },
{ "type": "Feature", "properties": { "element": "node", "id": 7822543432, "name": "TB Hospital", "amenity": "hospital", "healthcare": "hospital", "emergency": null, "facility_id": "hosp_326", "sampled_risk": 0.4267, "is_safe": true, "safety_status": "Operational / Safe" }, "geometry": { "type": "Point", "coordinates": [ 80.1303935, 12.9448167 ] } },
{ "type": "Feature", "properties": { "element": "node", "id": 7822543433, "name": "HCG Cancer Centre", "amenity": "hospital", "healthcare": "hospital", "emergency": null, "facility_id": "hosp_327", "sampled_risk": 0.27849999, "is_safe": true, "safety_status": "Operational / Safe" }, "geometry": { "type": "Point", "coordinates": [ 80.143138, 12.9575434 ] } },
{ "type": "Feature", "properties": { "element": "node", "id": 7822543434, "name": "Sayee Hospitals", "amenity": "hospital", "healthcare": "hospital", "emergency": null, "facility_id": "hosp_328", "sampled_risk": 0.32600001, "is_safe": true, "safety_status": "Operational / Safe" }, "geometry": { "type": "Point", "coordinates": [ 80.1432074, 12.9521949 ] } },
{ "type": "Feature", "properties": { "element": "node", "id": 7822543436, "name": "Ganga Devi Clinic", "amenity": "clinic", "healthcare": "clinic", "emergency": null, "facility_id": "hosp_329", "sampled_risk": 0.38589999, "is_safe": true, "safety_status": "Operational / Safe" }, "geometry": { "type": "Point", "coordinates": [ 80.1469443, 12.9485087 ] } },
{ "type": "Feature", "properties": { "element": "node", "id": 7822543438, "name": "Inbam Hospital", "amenity": "hospital", "healthcare": "hospital", "emergency": null, "facility_id": "hosp_330", "sampled_risk": 0.7191, "is_safe": false, "safety_status": "Inundation Risk / Unsafe" }, "geometry": { "type": "Point", "coordinates": [ 80.2041509, 12.9339688 ] } },
{ "type": "Feature", "properties": { "element": "node", "id": 7822543439, "name": "Thanushika Hospital", "amenity": "hospital", "healthcare": "hospital", "emergency": null, "facility_id": "hosp_331", "sampled_risk": 0.36210001, "is_safe": true, "safety_status": "Operational / Safe" }, "geometry": { "type": "Point", "coordinates": [ 80.1513212, 12.9503116 ] } },
{ "type": "Feature", "properties": { "element": "node", "id": 7822543440, "name": "Kiruba Clinic", "amenity": "clinic", "healthcare": "clinic", "emergency": null, "facility_id": "hosp_332", "sampled_risk": 0.71859998, "is_safe": false, "safety_status": "Inundation Risk / Unsafe" }, "geometry": { "type": "Point", "coordinates": [ 80.202855, 12.928347 ] } },
{ "type": "Feature", "properties": { "element": "node", "id": 7822543444, "name": "Hindusthan Hospital", "amenity": "hospital", "healthcare": "hospital", "emergency": null, "facility_id": "hosp_333", "sampled_risk": 0.484, "is_safe": true, "safety_status": "Operational / Safe" }, "geometry": { "type": "Point", "coordinates": [ 80.1806898, 12.9393514 ] } },
{ "type": "Feature", "properties": { "element": "node", "id": 7822543445, "name": "Sneham Clinic", "amenity": "clinic", "healthcare": "clinic", "emergency": null, "facility_id": "hosp_334", "sampled_risk": 0.71920002, "is_safe": false, "safety_status": "Inundation Risk / Unsafe" }, "geometry": { "type": "Point", "coordinates": [ 80.204033, 12.935996 ] } },
{ "type": "Feature", "properties": { "element": "node", "id": 7822543446, "name": "Mother's Clinic", "amenity": "clinic", "healthcare": "clinic", "emergency": null, "facility_id": "hosp_335", "sampled_risk": 0.54579997, "is_safe": false, "safety_status": "Inundation Risk / Unsafe" }, "geometry": { "type": "Point", "coordinates": [ 80.1825784, 12.9349376 ] } },
{ "type": "Feature", "properties": { "element": "node", "id": 7822543447, "name": "Hima Bindhu Maternity Clinic", "amenity": "clinic", "healthcare": "clinic", "emergency": null, "facility_id": "hosp_336", "sampled_risk": 0.37580001, "is_safe": true, "safety_status": "Operational / Safe" }, "geometry": { "type": "Point", "coordinates": [ 80.1446637, 12.9505932 ] } },
{ "type": "Feature", "properties": { "element": "node", "id": 7822543448, "name": "Puthur Kattu", "amenity": "hospital", "healthcare": "hospital", "emergency": null, "facility_id": "hosp_337", "sampled_risk": 0.3926, "is_safe": true, "safety_status": "Operational / Safe" }, "geometry": { "type": "Point", "coordinates": [ 80.1370503, 12.9478556 ] } },
{ "type": "Feature", "properties": { "element": "node", "id": 7822543450, "name": "Minks Homeo Clinic", "amenity": "clinic", "healthcare": "clinic", "emergency": null, "facility_id": "hosp_338", "sampled_risk": 0.30720001, "is_safe": true, "safety_status": "Operational / Safe" }, "geometry": { "type": "Point", "coordinates": [ 80.1447551, 12.9547249 ] } },
{ "type": "Feature", "properties": { "element": "node", "id": 7822543452, "name": "RKP Hospital", "amenity": "hospital", "healthcare": "hospital", "emergency": null, "facility_id": "hosp_339", "sampled_risk": 0.4975, "is_safe": true, "safety_status": "Operational / Safe" }, "geometry": { "type": "Point", "coordinates": [ 80.1799993, 12.9379829 ] } },
{ "type": "Feature", "properties": { "element": "node", "id": 7822543454, "name": "KP Clinic", "amenity": "clinic", "healthcare": "clinic", "emergency": null, "facility_id": "hosp_340", "sampled_risk": 0.45969999, "is_safe": true, "safety_status": "Operational / Safe" }, "geometry": { "type": "Point", "coordinates": [ 80.1550612, 12.9438692 ] } },
{ "type": "Feature", "properties": { "element": "node", "id": 7822543455, "name": "Muthu Multi Speciality Hospital and Pharmacy", "amenity": "hospital", "healthcare": "hospital", "emergency": null, "facility_id": "hosp_341", "sampled_risk": 0.71820003, "is_safe": false, "safety_status": "Inundation Risk / Unsafe" }, "geometry": { "type": "Point", "coordinates": [ 80.200805, 12.928263 ] } },
{ "type": "Feature", "properties": { "element": "node", "id": 7822543458, "name": "Dr. Bharati Eye Clinic", "amenity": "clinic", "healthcare": "clinic", "emergency": null, "facility_id": "hosp_342", "sampled_risk": 0.54869998, "is_safe": false, "safety_status": "Inundation Risk / Unsafe" }, "geometry": { "type": "Point", "coordinates": [ 80.1825728, 12.9347158 ] } },
{ "type": "Feature", "properties": { "element": "node", "id": 7822543459, "name": "Kokila Siddha Hospital", "amenity": "hospital", "healthcare": "hospital", "emergency": null, "facility_id": "hosp_343", "sampled_risk": 0.357, "is_safe": true, "safety_status": "Operational / Safe" }, "geometry": { "type": "Point", "coordinates": [ 80.139703, 12.960669 ] } },
{ "type": "Feature", "properties": { "element": "node", "id": 7822543460, "name": "Shyam Child Care Clinic", "amenity": "clinic", "healthcare": "clinic", "emergency": null, "facility_id": "hosp_344", "sampled_risk": 0.3427, "is_safe": true, "safety_status": "Operational / Safe" }, "geometry": { "type": "Point", "coordinates": [ 80.1443271, 12.9521469 ] } },
{ "type": "Feature", "properties": { "element": "node", "id": 7822543461, "name": "Dr. S.K Naturals", "amenity": "clinic", "healthcare": "clinic", "emergency": null, "facility_id": "hosp_345", "sampled_risk": 0.32600001, "is_safe": true, "safety_status": "Operational / Safe" }, "geometry": { "type": "Point", "coordinates": [ 80.1432799, 12.9522733 ] } },
{ "type": "Feature", "properties": { "element": "node", "id": 7822543463, "name": "Ambe Clinic", "amenity": "clinic", "healthcare": "clinic", "emergency": null, "facility_id": "hosp_346", "sampled_risk": 0.34650001, "is_safe": true, "safety_status": "Operational / Safe" }, "geometry": { "type": "Point", "coordinates": [ 80.1450975, 12.9519542 ] } },
{ "type": "Feature", "properties": { "element": "node", "id": 7822543464, "name": "Suji Siddha Clinic", "amenity": "clinic", "healthcare": "clinic", "emergency": null, "facility_id": "hosp_347", "sampled_risk": 0.3721, "is_safe": true, "safety_status": "Operational / Safe" }, "geometry": { "type": "Point", "coordinates": [ 80.136977, 12.947995 ] } },
{ "type": "Feature", "properties": { "element": "node", "id": 7822543466, "name": "Smriti's Clinic", "amenity": "clinic", "healthcare": "clinic", "emergency": null, "facility_id": "hosp_348", "sampled_risk": 0.3583, "is_safe": true, "safety_status": "Operational / Safe" }, "geometry": { "type": "Point", "coordinates": [ 80.1380888, 12.951829 ] } },
{ "type": "Feature", "properties": { "element": "node", "id": 7822543467, "name": "Chrompet Clinic", "amenity": "clinic", "healthcare": "clinic", "emergency": null, "facility_id": "hosp_349", "sampled_risk": 0.376, "is_safe": true, "safety_status": "Operational / Safe" }, "geometry": { "type": "Point", "coordinates": [ 80.1382643, 12.9503116 ] } },
{ "type": "Feature", "properties": { "element": "node", "id": 7822543469, "name": "Thomas Health Care Centre", "amenity": "hospital", "healthcare": "hospital", "emergency": null, "facility_id": "hosp_350", "sampled_risk": 0.2899, "is_safe": true, "safety_status": "Operational / Safe" }, "geometry": { "type": "Point", "coordinates": [ 80.1439701, 12.9544931 ] } },
{ "type": "Feature", "properties": { "element": "node", "id": 7822543471, "name": "Raj Joty Eye Hospital", "amenity": "hospital", "healthcare": "hospital", "emergency": null, "facility_id": "hosp_351", "sampled_risk": 0.54659998, "is_safe": false, "safety_status": "Inundation Risk / Unsafe" }, "geometry": { "type": "Point", "coordinates": [ 80.181802, 12.935221 ] } },
{ "type": "Feature", "properties": { "element": "node", "id": 7822543473, "name": "Jeyasri Physio Clinic", "amenity": "clinic", "healthcare": "clinic", "emergency": null, "facility_id": "hosp_352", "sampled_risk": 0.46880001, "is_safe": true, "safety_status": "Operational / Safe" }, "geometry": { "type": "Point", "coordinates": [ 80.1444777, 12.9357745 ] } },
{ "type": "Feature", "properties": { "element": "node", "id": 7822543474, "name": "Dr. Vasunsara Devi Clinic", "amenity": "clinic", "healthcare": "clinic", "emergency": null, "facility_id": "hosp_353", "sampled_risk": 0.3872, "is_safe": true, "safety_status": "Operational / Safe" }, "geometry": { "type": "Point", "coordinates": [ 80.1474374, 12.9456384 ] } },
{ "type": "Feature", "properties": { "element": "node", "id": 7822543476, "name": "Care and Cure Physiotherapy Clinic", "amenity": "clinic", "healthcare": "clinic", "emergency": null, "facility_id": "hosp_354", "sampled_risk": 0.37220001, "is_safe": true, "safety_status": "Operational / Safe" }, "geometry": { "type": "Point", "coordinates": [ 80.1458087, 12.9504412 ] } },
{ "type": "Feature", "properties": { "element": "node", "id": 7822543477, "name": "Sun Hospital", "amenity": "hospital", "healthcare": "hospital", "emergency": null, "facility_id": "hosp_355", "sampled_risk": 0.28729999, "is_safe": true, "safety_status": "Operational / Safe" }, "geometry": { "type": "Point", "coordinates": [ 80.143246, 12.9537198 ] } },
{ "type": "Feature", "properties": { "element": "node", "id": 7822543478, "name": "Hariharan Clinic", "amenity": "clinic", "healthcare": "clinic", "emergency": null, "facility_id": "hosp_356", "sampled_risk": 0.46740001, "is_safe": true, "safety_status": "Operational / Safe" }, "geometry": { "type": "Point", "coordinates": [ 80.1753876, 12.9384139 ] } },
{ "type": "Feature", "properties": { "element": "node", "id": 7822543481, "name": "KGS Clinic", "amenity": "clinic", "healthcare": "clinic", "emergency": null, "facility_id": "hosp_357", "sampled_risk": 0.3488, "is_safe": true, "safety_status": "Operational / Safe" }, "geometry": { "type": "Point", "coordinates": [ 80.1454692, 12.95183 ] } },
{ "type": "Feature", "properties": { "element": "node", "id": 7822543484, "name": "Apollo Hospitals", "amenity": "hospital", "healthcare": "hospital", "emergency": null, "facility_id": "hosp_358", "sampled_risk": 0.36309999, "is_safe": true, "safety_status": "Operational / Safe" }, "geometry": { "type": "Point", "coordinates": [ 80.1372784, 12.9520555 ] } },
{ "type": "Feature", "properties": { "element": "node", "id": 7822543486, "name": "C.N. Clinic", "amenity": "clinic", "healthcare": "clinic", "emergency": null, "facility_id": "hosp_359", "sampled_risk": 0.38429999, "is_safe": true, "safety_status": "Operational / Safe" }, "geometry": { "type": "Point", "coordinates": [ 80.1467621, 12.947177 ] } },
{ "type": "Feature", "properties": { "element": "node", "id": 7822543489, "name": "Shailaja Hospital", "amenity": "hospital", "healthcare": "hospital", "emergency": null, "facility_id": "hosp_360", "sampled_risk": 0.31720001, "is_safe": true, "safety_status": "Operational / Safe" }, "geometry": { "type": "Point", "coordinates": [ 80.1440661, 12.9531004 ] } },
{ "type": "Feature", "properties": { "element": "node", "id": 7822543490, "name": "Dhanwantari Hospital", "amenity": "hospital", "healthcare": "hospital", "emergency": null, "facility_id": "hosp_361", "sampled_risk": 0.46740001, "is_safe": true, "safety_status": "Operational / Safe" }, "geometry": { "type": "Point", "coordinates": [ 80.140022, 12.9452437 ] } },
{ "type": "Feature", "properties": { "element": "node", "id": 7822543491, "name": "Dr. Ashok Kumar Children's Hospital", "amenity": "hospital", "healthcare": "hospital", "emergency": null, "facility_id": "hosp_362", "sampled_risk": 0.41859999, "is_safe": true, "safety_status": "Operational / Safe" }, "geometry": { "type": "Point", "coordinates": [ 80.134998, 12.954659 ] } },
{ "type": "Feature", "properties": { "element": "node", "id": 7822543492, "name": "Agasthiar Siddha Herbal Health Clinic", "amenity": "clinic", "healthcare": "clinic", "emergency": null, "facility_id": "hosp_363", "sampled_risk": 0.4057, "is_safe": true, "safety_status": "Operational / Safe" }, "geometry": { "type": "Point", "coordinates": [ 80.148227, 12.944771 ] } },
{ "type": "Feature", "properties": { "element": "node", "id": 7822543493, "name": "Shri Heart and Diabetes Care Clinic", "amenity": "clinic", "healthcare": "clinic", "emergency": null, "facility_id": "hosp_364", "sampled_risk": 0.33989999, "is_safe": true, "safety_status": "Operational / Safe" }, "geometry": { "type": "Point", "coordinates": [ 80.1447664, 12.9520678 ] } },
{ "type": "Feature", "properties": { "element": "node", "id": 7822543494, "name": "Delicare Clinic", "amenity": "clinic", "healthcare": "clinic", "emergency": null, "facility_id": "hosp_365", "sampled_risk": 0.68330002, "is_safe": false, "safety_status": "Inundation Risk / Unsafe" }, "geometry": { "type": "Point", "coordinates": [ 80.2053961, 12.9384098 ] } },
{ "type": "Feature", "properties": { "element": "node", "id": 7822543496, "name": "Dr. R. Karu Shanmuga Karthik's Bone Joint and Spine Clinic", "amenity": "clinic", "healthcare": "clinic", "emergency": null, "facility_id": "hosp_366", "sampled_risk": 0.53820002, "is_safe": false, "safety_status": "Inundation Risk / Unsafe" }, "geometry": { "type": "Point", "coordinates": [ 80.1831056, 12.9393529 ] } },
{ "type": "Feature", "properties": { "element": "node", "id": 7822543497, "name": "Mahalakshmi Clinic", "amenity": "clinic", "healthcare": "clinic", "emergency": null, "facility_id": "hosp_367", "sampled_risk": 0.36860001, "is_safe": true, "safety_status": "Operational / Safe" }, "geometry": { "type": "Point", "coordinates": [ 80.1381858, 12.9513527 ] } },
{ "type": "Feature", "properties": { "element": "node", "id": 7822543498, "name": "Venus Accupoint", "amenity": "hospital", "healthcare": "hospital", "emergency": null, "facility_id": "hosp_368", "sampled_risk": 0.4596, "is_safe": true, "safety_status": "Operational / Safe" }, "geometry": { "type": "Point", "coordinates": [ 80.1381022, 12.9422406 ] } },
{ "type": "Feature", "properties": { "element": "node", "id": 7822543500, "name": "Saraswathy Hospital", "amenity": "hospital", "healthcare": "hospital", "emergency": null, "facility_id": "hosp_369", "sampled_risk": 0.4348, "is_safe": true, "safety_status": "Operational / Safe" }, "geometry": { "type": "Point", "coordinates": [ 80.1405737, 12.9425452 ] } },
{ "type": "Feature", "properties": { "element": "node", "id": 7822543501, "name": "V Cure Hospital", "amenity": "hospital", "healthcare": "hospital", "emergency": null, "facility_id": "hosp_370", "sampled_risk": 0.718, "is_safe": false, "safety_status": "Inundation Risk / Unsafe" }, "geometry": { "type": "Point", "coordinates": [ 80.199546, 12.9280452 ] } },
{ "type": "Feature", "properties": { "element": "node", "id": 7822543502, "name": "Al Elaj Accupressure and Health Centre", "amenity": "hospital", "healthcare": "hospital", "emergency": null, "facility_id": "hosp_371", "sampled_risk": 0.27329999, "is_safe": true, "safety_status": "Operational / Safe" }, "geometry": { "type": "Point", "coordinates": [ 80.1424509, 12.9569609 ] } },
{ "type": "Feature", "properties": { "element": "node", "id": 7822543504, "name": "Thyrocare", "amenity": "clinic", "healthcare": "clinic", "emergency": null, "facility_id": "hosp_372", "sampled_risk": 0.40259999, "is_safe": true, "safety_status": "Operational / Safe" }, "geometry": { "type": "Point", "coordinates": [ 80.1360825, 12.9453804 ] } },
{ "type": "Feature", "properties": { "element": "node", "id": 7822543505, "name": "V.S. Hospital", "amenity": "hospital", "healthcare": "hospital", "emergency": null, "facility_id": "hosp_373", "sampled_risk": 0.54430002, "is_safe": false, "safety_status": "Inundation Risk / Unsafe" }, "geometry": { "type": "Point", "coordinates": [ 80.1811973, 12.933726 ] } },
{ "type": "Feature", "properties": { "element": "node", "id": 7822543508, "name": "Child Care Clinic. Dr. Krithika", "amenity": "clinic", "healthcare": null, "emergency": null, "facility_id": "hosp_374", "sampled_risk": 0.51560003, "is_safe": true, "safety_status": "Operational / Safe" }, "geometry": { "type": "Point", "coordinates": [ 80.1636984, 12.9358348 ] } },
{ "type": "Feature", "properties": { "element": "node", "id": 7822543509, "name": "Sathish Clinic", "amenity": "clinic", "healthcare": "clinic", "emergency": null, "facility_id": "hosp_375", "sampled_risk": 0.57889998, "is_safe": false, "safety_status": "Inundation Risk / Unsafe" }, "geometry": { "type": "Point", "coordinates": [ 80.213342, 12.934834 ] } },
{ "type": "Feature", "properties": { "element": "node", "id": 7822543510, "name": "Daisy Hospitals", "amenity": "hospital", "healthcare": "hospital", "emergency": null, "facility_id": "hosp_376", "sampled_risk": 0.27160001, "is_safe": true, "safety_status": "Operational / Safe" }, "geometry": { "type": "Point", "coordinates": [ 80.1429026, 12.9576893 ] } },
{ "type": "Feature", "properties": { "element": "node", "id": 7822543511, "name": "Shri Sarvesh Fertility and Childcare Clinic", "amenity": "clinic", "healthcare": "clinic", "emergency": null, "facility_id": "hosp_377", "sampled_risk": 0.4533, "is_safe": true, "safety_status": "Operational / Safe" }, "geometry": { "type": "Point", "coordinates": [ 80.133598, 12.9555946 ] } },
{ "type": "Feature", "properties": { "element": "node", "id": 7822543512, "name": "Gayatri ENT Clinic", "amenity": "clinic", "healthcare": "clinic", "emergency": null, "facility_id": "hosp_378", "sampled_risk": 0.43239999, "is_safe": true, "safety_status": "Operational / Safe" }, "geometry": { "type": "Point", "coordinates": [ 80.140286, 12.942584 ] } },
{ "type": "Feature", "properties": { "element": "node", "id": 7823212556, "name": "Mother And Child Care Centre", "amenity": "clinic", "healthcare": "clinic", "emergency": null, "facility_id": "hosp_379", "sampled_risk": 0.46830001, "is_safe": true, "safety_status": "Operational / Safe" }, "geometry": { "type": "Point", "coordinates": [ 80.1387424, 12.9733615 ] } },
{ "type": "Feature", "properties": { "element": "node", "id": 7823212557, "name": "Al Shifa Cupping Clinic", "amenity": "clinic", "healthcare": "clinic", "emergency": null, "facility_id": "hosp_380", "sampled_risk": 0.447, "is_safe": true, "safety_status": "Operational / Safe" }, "geometry": { "type": "Point", "coordinates": [ 80.1454769, 12.9686121 ] } },
{ "type": "Feature", "properties": { "element": "node", "id": 7823212561, "name": "Chennai Emergency Care Centre", "amenity": "hospital", "healthcare": "hospital", "emergency": null, "facility_id": "hosp_381", "sampled_risk": 0.38620001, "is_safe": true, "safety_status": "Operational / Safe" }, "geometry": { "type": "Point", "coordinates": [ 80.132333, 12.9712805 ] } },
{ "type": "Feature", "properties": { "element": "node", "id": 7823212562, "name": "JIP Hospital", "amenity": "hospital", "healthcare": "hospital", "emergency": null, "facility_id": "hosp_382", "sampled_risk": 0.4443, "is_safe": true, "safety_status": "Operational / Safe" }, "geometry": { "type": "Point", "coordinates": [ 80.1407516, 12.9719872 ] } },
{ "type": "Feature", "properties": { "element": "node", "id": 7823212567, "name": "Dr. Habeb Child Care Hospital", "amenity": "hospital", "healthcare": "hospital", "emergency": null, "facility_id": "hosp_383", "sampled_risk": 0.4219, "is_safe": true, "safety_status": "Operational / Safe" }, "geometry": { "type": "Point", "coordinates": [ 80.144778, 12.9668133 ] } },
{ "type": "Feature", "properties": { "element": "node", "id": 7823212578, "name": "Gunam Hospital", "amenity": "hospital", "healthcare": null, "emergency": null, "facility_id": "hosp_384", "sampled_risk": 0.47209999, "is_safe": true, "safety_status": "Operational / Safe" }, "geometry": { "type": "Point", "coordinates": [ 80.0536595, 12.9789547 ] } },
{ "type": "Feature", "properties": { "element": "node", "id": 7823212583, "name": "Women's Health Clinic", "amenity": "clinic", "healthcare": "clinic", "emergency": null, "facility_id": "hosp_385", "sampled_risk": 0.44549999, "is_safe": true, "safety_status": "Operational / Safe" }, "geometry": { "type": "Point", "coordinates": [ 80.1464124, 12.9699839 ] } },
{ "type": "Feature", "properties": { "element": "node", "id": 7823212586, "name": "Lakshmi Siddha Clinic", "amenity": "clinic", "healthcare": null, "emergency": null, "facility_id": "hosp_386", "sampled_risk": 0.3752, "is_safe": true, "safety_status": "Operational / Safe" }, "geometry": { "type": "Point", "coordinates": [ 80.131336, 12.9731115 ] } },
{ "type": "Feature", "properties": { "element": "node", "id": 7823212587, "name": "Chennai Hospital", "amenity": "hospital", "healthcare": "hospital", "emergency": null, "facility_id": "hosp_387", "sampled_risk": 0.3662, "is_safe": true, "safety_status": "Operational / Safe" }, "geometry": { "type": "Point", "coordinates": [ 80.1307991, 12.973474 ] } },
{ "type": "Feature", "properties": { "element": "node", "id": 7823212589, "name": "KS Women Wellness Centre and ENT Clinic", "amenity": "clinic", "healthcare": "clinic", "emergency": null, "facility_id": "hosp_388", "sampled_risk": 0.43110001, "is_safe": true, "safety_status": "Operational / Safe" }, "geometry": { "type": "Point", "coordinates": [ 80.1420392, 12.9717549 ] } },
{ "type": "Feature", "properties": { "element": "node", "id": 7823212595, "name": "Nilaa Women's Care Clinic", "amenity": "clinic", "healthcare": "clinic", "emergency": null, "facility_id": "hosp_389", "sampled_risk": 0.34200001, "is_safe": true, "safety_status": "Operational / Safe" }, "geometry": { "type": "Point", "coordinates": [ 80.1364766, 12.9785202 ] } },
{ "type": "Feature", "properties": { "element": "node", "id": 7823212603, "name": "Deenan Health Care", "amenity": "hospital", "healthcare": "hospital", "emergency": null, "facility_id": "hosp_390", "sampled_risk": 0.369, "is_safe": true, "safety_status": "Operational / Safe" }, "geometry": { "type": "Point", "coordinates": [ 80.1315486, 12.9738819 ] } },
{ "type": "Feature", "properties": { "element": "node", "id": 7823212606, "name": "Divine Clinic", "amenity": "clinic", "healthcare": "clinic", "emergency": null, "facility_id": "hosp_391", "sampled_risk": 0.327, "is_safe": true, "safety_status": "Operational / Safe" }, "geometry": { "type": "Point", "coordinates": [ 80.1327778, 12.9757761 ] } },
{ "type": "Feature", "properties": { "element": "node", "id": 7823212611, "name": "Dharani Clinic", "amenity": "clinic", "healthcare": "clinic", "emergency": null, "facility_id": "hosp_392", "sampled_risk": 0.43239999, "is_safe": true, "safety_status": "Operational / Safe" }, "geometry": { "type": "Point", "coordinates": [ 80.1373013, 12.9730521 ] } },
{ "type": "Feature", "properties": { "element": "node", "id": 7823212616, "name": "Shadithya Hospital", "amenity": "hospital", "healthcare": "hospital", "emergency": null, "facility_id": "hosp_393", "sampled_risk": 0.43529999, "is_safe": true, "safety_status": "Operational / Safe" }, "geometry": { "type": "Point", "coordinates": [ 80.1445381, 12.9718921 ] } },
{ "type": "Feature", "properties": { "element": "node", "id": 7823212621, "name": "Bailey Opticals Eye Clinic", "amenity": "clinic", "healthcare": "clinic", "emergency": null, "facility_id": "hosp_394", "sampled_risk": 0.33750001, "is_safe": true, "safety_status": "Operational / Safe" }, "geometry": { "type": "Point", "coordinates": [ 80.133741, 12.975069 ] } },
{ "type": "Feature", "properties": { "element": "node", "id": 7823212622, "name": "Dr. Padam's Surgicare", "amenity": "clinic", "healthcare": "clinic", "emergency": null, "facility_id": "hosp_395", "sampled_risk": 0.44510001, "is_safe": true, "safety_status": "Operational / Safe" }, "geometry": { "type": "Point", "coordinates": [ 80.1464761, 12.9709386 ] } },
{ "type": "Feature", "properties": { "element": "node", "id": 7823212628, "name": "Sri Vigneshwara Poly Clinic", "amenity": "clinic", "healthcare": null, "emergency": null, "facility_id": "hosp_396", "sampled_risk": 0.47549999, "is_safe": true, "safety_status": "Operational / Safe" }, "geometry": { "type": "Point", "coordinates": [ 80.05346, 12.9788234 ] } },
{ "type": "Feature", "properties": { "element": "node", "id": 7823212629, "name": "Dermalaya, Skin & Hair Laser Clinic", "amenity": "clinic", "healthcare": "clinic", "emergency": null, "facility_id": "hosp_397", "sampled_risk": 0.34200001, "is_safe": true, "safety_status": "Operational / Safe" }, "geometry": { "type": "Point", "coordinates": [ 80.1363228, 12.9785736 ] } },
{ "type": "Feature", "properties": { "element": "node", "id": 7823212632, "name": "Re Active Physiotherapy Clinic", "amenity": "clinic", "healthcare": "clinic", "emergency": null, "facility_id": "hosp_398", "sampled_risk": 0.44029999, "is_safe": true, "safety_status": "Operational / Safe" }, "geometry": { "type": "Point", "coordinates": [ 80.1388375, 12.9718026 ] } },
{ "type": "Feature", "properties": { "element": "node", "id": 7823212633, "name": "Medforte Health Care", "amenity": "hospital", "healthcare": "hospital", "emergency": null, "facility_id": "hosp_399", "sampled_risk": 0.35589999, "is_safe": true, "safety_status": "Operational / Safe" }, "geometry": { "type": "Point", "coordinates": [ 80.1499015, 12.9700475 ] } },
{ "type": "Feature", "properties": { "element": "node", "id": 7823212634, "name": "KO's Skin and Hair Clinic", "amenity": "clinic", "healthcare": "clinic", "emergency": null, "facility_id": "hosp_400", "sampled_risk": 0.47119999, "is_safe": true, "safety_status": "Operational / Safe" }, "geometry": { "type": "Point", "coordinates": [ 80.1386876, 12.9731545 ] } },
{ "type": "Feature", "properties": { "element": "node", "id": 7823212637, "name": "Sneha General Surgical Clinic", "amenity": "clinic", "healthcare": "clinic", "emergency": null, "facility_id": "hosp_401", "sampled_risk": 0.4366, "is_safe": true, "safety_status": "Operational / Safe" }, "geometry": { "type": "Point", "coordinates": [ 80.1338894, 12.9710055 ] } },
{ "type": "Feature", "properties": { "element": "node", "id": 7823212640, "name": "Contonment Board General Hospital", "amenity": "hospital", "healthcare": "hospital", "emergency": null, "facility_id": "hosp_402", "sampled_risk": 0.41780001, "is_safe": true, "safety_status": "Operational / Safe" }, "geometry": { "type": "Point", "coordinates": [ 80.148318, 12.97059 ] } },
{ "type": "Feature", "properties": { "element": "node", "id": 8594028687, "name": "Selva Maternity Clinic", "amenity": "clinic", "healthcare": "clinic", "emergency": null, "facility_id": "hosp_403", "sampled_risk": 0.56840003, "is_safe": false, "safety_status": "Inundation Risk / Unsafe" }, "geometry": { "type": "Point", "coordinates": [ 80.1862504, 12.9528734 ] } },
{ "type": "Feature", "properties": { "element": "node", "id": 8597641343, "name": "Progress Clinic", "amenity": "clinic", "healthcare": "clinic", "emergency": null, "facility_id": "hosp_404", "sampled_risk": 0.59469998, "is_safe": false, "safety_status": "Inundation Risk / Unsafe" }, "geometry": { "type": "Point", "coordinates": [ 80.1868115, 12.9586006 ] } },
{ "type": "Feature", "properties": { "element": "node", "id": 9404372922, "name": "Infirmary", "amenity": "clinic", "healthcare": "clinic", "emergency": null, "facility_id": "hosp_405", "sampled_risk": 0.56110001, "is_safe": false, "safety_status": "Inundation Risk / Unsafe" }, "geometry": { "type": "Point", "coordinates": [ 80.1231673, 12.9208601 ] } },
{ "type": "Feature", "properties": { "element": "node", "id": 9444720904, "name": "4 Squares Dentistry", "amenity": "hospital", "healthcare": "hospital", "emergency": "no", "facility_id": "hosp_406", "sampled_risk": 0.4619, "is_safe": true, "safety_status": "Operational / Safe" }, "geometry": { "type": "Point", "coordinates": [ 80.1651302, 12.9214652 ] } },
{ "type": "Feature", "properties": { "element": "node", "id": 9502013722, "name": "Government Mini Clinic", "amenity": "clinic", "healthcare": null, "emergency": null, "facility_id": "hosp_407", "sampled_risk": 0.45829999, "is_safe": true, "safety_status": "Operational / Safe" }, "geometry": { "type": "Point", "coordinates": [ 80.1811597, 12.9780615 ] } },
{ "type": "Feature", "properties": { "element": "node", "id": 11081786797, "name": "L Rapha Life Care Hospital", "amenity": "hospital", "healthcare": "hospital", "emergency": null, "facility_id": "hosp_408", "sampled_risk": 0.42829999, "is_safe": true, "safety_status": "Operational / Safe" }, "geometry": { "type": "Point", "coordinates": [ 80.1280036, 12.9580448 ] } },
{ "type": "Feature", "properties": { "element": "node", "id": 11515688969, "name": "Medical Facility", "amenity": "clinic", "healthcare": null, "emergency": null, "facility_id": "hosp_409", "sampled_risk": 0.65429997, "is_safe": false, "safety_status": "Inundation Risk / Unsafe" }, "geometry": { "type": "Point", "coordinates": [ 80.1956242, 12.9191067 ] } },
{ "type": "Feature", "properties": { "element": "node", "id": 11515689869, "name": "Medical Facility", "amenity": "clinic", "healthcare": null, "emergency": null, "facility_id": "hosp_410", "sampled_risk": 0.66360003, "is_safe": false, "safety_status": "Inundation Risk / Unsafe" }, "geometry": { "type": "Point", "coordinates": [ 80.1958552, 12.9191663 ] } },
{ "type": "Feature", "properties": { "element": "node", "id": 11782793599, "name": "Sugam Hospital", "amenity": "hospital", "healthcare": "hospital", "emergency": null, "facility_id": "hosp_411", "sampled_risk": 0.3565, "is_safe": true, "safety_status": "Operational / Safe" }, "geometry": { "type": "Point", "coordinates": [ 80.159938, 12.9622155 ] } },
{ "type": "Feature", "properties": { "element": "node", "id": 11865553974, "name": "Medical Facility", "amenity": "hospital", "healthcare": null, "emergency": null, "facility_id": "hosp_412", "sampled_risk": 0.45050001, "is_safe": true, "safety_status": "Operational / Safe" }, "geometry": { "type": "Point", "coordinates": [ 80.1770557, 12.89188 ] } },
{ "type": "Feature", "properties": { "element": "node", "id": 12568243303, "name": "Baby Child Clininc", "amenity": "clinic", "healthcare": null, "emergency": null, "facility_id": "hosp_413", "sampled_risk": 0.42750001, "is_safe": true, "safety_status": "Operational / Safe" }, "geometry": { "type": "Point", "coordinates": [ 80.1844991, 12.8902304 ] } },
{ "type": "Feature", "properties": { "element": "node", "id": 12568243304, "name": "Dr. S. Satish Kumar M.D.S", "amenity": "clinic", "healthcare": null, "emergency": null, "facility_id": "hosp_414", "sampled_risk": 0.41710001, "is_safe": true, "safety_status": "Operational / Safe" }, "geometry": { "type": "Point", "coordinates": [ 80.1845425, 12.8900211 ] } },
{ "type": "Feature", "properties": { "element": "node", "id": 12611351201, "name": "Just Kids Child Cliinc", "amenity": "clinic", "healthcare": null, "emergency": null, "facility_id": "hosp_415", "sampled_risk": 0.54900002, "is_safe": false, "safety_status": "Inundation Risk / Unsafe" }, "geometry": { "type": "Point", "coordinates": [ 80.1918435, 12.9130938 ] } },
{ "type": "Feature", "properties": { "element": "node", "id": 13184761701, "name": "Hariharan ENT Clinic", "amenity": "clinic", "healthcare": null, "emergency": null, "facility_id": "hosp_416", "sampled_risk": 0.574, "is_safe": false, "safety_status": "Inundation Risk / Unsafe" }, "geometry": { "type": "Point", "coordinates": [ 80.1921511, 12.9161702 ] } },
{ "type": "Feature", "properties": { "element": "node", "id": 13184761801, "name": "Dr. R.Suresh Child Care Clinic", "amenity": "clinic", "healthcare": null, "emergency": null, "facility_id": "hosp_417", "sampled_risk": 0.54320002, "is_safe": false, "safety_status": "Inundation Risk / Unsafe" }, "geometry": { "type": "Point", "coordinates": [ 80.1921519, 12.9159912 ] } },
{ "type": "Feature", "properties": { "element": "node", "id": 13184762001, "name": "Masila Clinic", "amenity": "clinic", "healthcare": null, "emergency": null, "facility_id": "hosp_418", "sampled_risk": 0.54320002, "is_safe": false, "safety_status": "Inundation Risk / Unsafe" }, "geometry": { "type": "Point", "coordinates": [ 80.1921398, 12.9160421 ] } },
{ "type": "Feature", "properties": { "element": "node", "id": 13765623902, "name": "Tamilmalar Homeo Clinic", "amenity": "clinic", "healthcare": null, "emergency": null, "facility_id": "hosp_419", "sampled_risk": 0.54229999, "is_safe": false, "safety_status": "Inundation Risk / Unsafe" }, "geometry": { "type": "Point", "coordinates": [ 80.1906838, 12.9177723 ] } },
{ "type": "Feature", "properties": { "element": "node", "id": 13870488102, "name": "Bethesda Hospital & Child Care Centre", "amenity": "hospital", "healthcare": "hospital", "emergency": "yes", "facility_id": "hosp_420", "sampled_risk": 0.51050001, "is_safe": true, "safety_status": "Operational / Safe" }, "geometry": { "type": "Point", "coordinates": [ 80.1443175, 12.9196657 ] } },
{ "type": "Feature", "properties": { "element": "node", "id": 13994416401, "name": "Deepam Medfirst Hospital", "amenity": "hospital", "healthcare": null, "emergency": null, "facility_id": "hosp_421", "sampled_risk": 0.71880001, "is_safe": false, "safety_status": "Inundation Risk / Unsafe" }, "geometry": { "type": "Point", "coordinates": [ 80.2033854, 12.9316216 ] } },
{ "type": "Feature", "properties": { "element": "node", "id": 14040637565, "name": "Sri Krishna Clinic", "amenity": "clinic", "healthcare": "clinic", "emergency": null, "facility_id": "hosp_422", "sampled_risk": 0.55070001, "is_safe": false, "safety_status": "Inundation Risk / Unsafe" }, "geometry": { "type": "Point", "coordinates": [ 80.0468005, 12.8312056 ] } },
{ "type": "Feature", "properties": { "element": "node", "id": 14055342348, "name": "Gajaa Clinic", "amenity": "clinic", "healthcare": "clinic", "emergency": null, "facility_id": "hosp_423", "sampled_risk": 0.53719997, "is_safe": false, "safety_status": "Inundation Risk / Unsafe" }, "geometry": { "type": "Point", "coordinates": [ 80.1332659, 12.9381338 ] } },
{ "type": "Feature", "properties": { "element": "node", "id": 14233280718, "name": "SRM Global Hospitals", "amenity": "hospital", "healthcare": "hospital", "emergency": null, "facility_id": "hosp_424", "sampled_risk": 0.54269999, "is_safe": false, "safety_status": "Inundation Risk / Unsafe" }, "geometry": { "type": "Point", "coordinates": [ 80.0480957, 12.8235712 ] } },
{ "type": "Feature", "properties": { "element": "relation", "id": 5419955, "name": "Hindu Mission Hospital", "amenity": "hospital", "healthcare": "hospital", "emergency": null, "facility_id": "hosp_425", "sampled_risk": 0.51529998, "is_safe": true, "safety_status": "Operational / Safe" }, "geometry": { "type": "Point", "coordinates": [ 80.113801089341521, 12.923854378209299 ] } },
{ "type": "Feature", "properties": { "element": "way", "id": 31240956, "name": "Government Hospital of Thoracic Medicine", "amenity": "hospital", "healthcare": "hospital", "emergency": null, "facility_id": "hosp_426", "sampled_risk": 0.50169998, "is_safe": true, "safety_status": "Operational / Safe" }, "geometry": { "type": "Point", "coordinates": [ 80.128957075838414, 12.942084114083459 ] } },
{ "type": "Feature", "properties": { "element": "way", "id": 44034276, "name": "Parvathy Hospital", "amenity": "hospital", "healthcare": "hospital", "emergency": null, "facility_id": "hosp_427", "sampled_risk": 0.39860001, "is_safe": true, "safety_status": "Operational / Safe" }, "geometry": { "type": "Point", "coordinates": [ 80.136745340383726, 12.94607498240241 ] } },
{ "type": "Feature", "properties": { "element": "way", "id": 44034282, "name": "Chennai Krishna Hospital", "amenity": "hospital", "healthcare": "hospital", "emergency": null, "facility_id": "hosp_428", "sampled_risk": 0.40200001, "is_safe": true, "safety_status": "Operational / Safe" }, "geometry": { "type": "Point", "coordinates": [ 80.136986358823137, 12.946369465364137 ] } },
{ "type": "Feature", "properties": { "element": "way", "id": 180145742, "name": "Sree Balaji Medical College And Hospital", "amenity": "hospital", "healthcare": "hospital", "emergency": null, "facility_id": "hosp_429", "sampled_risk": 0.32519999, "is_safe": true, "safety_status": "Operational / Safe" }, "geometry": { "type": "Point", "coordinates": [ 80.138209038142165, 12.954901126857807 ] } },
{ "type": "Feature", "properties": { "element": "way", "id": 220821765, "name": "Gowri Nursing Home", "amenity": "hospital", "healthcare": "hospital", "emergency": null, "facility_id": "hosp_430", "sampled_risk": 0.5668, "is_safe": false, "safety_status": "Inundation Risk / Unsafe" }, "geometry": { "type": "Point", "coordinates": [ 80.18833171179368, 12.977398780383364 ] } },
{ "type": "Feature", "properties": { "element": "way", "id": 354562297, "name": "Sugam Hospitals", "amenity": "hospital", "healthcare": "hospital", "emergency": null, "facility_id": "hosp_431", "sampled_risk": 0.28569999, "is_safe": true, "safety_status": "Operational / Safe" }, "geometry": { "type": "Point", "coordinates": [ 80.146701091398455, 12.961785581944564 ] } },
{ "type": "Feature", "properties": { "element": "way", "id": 354791796, "name": "Child Clinic Dr Ashok Kumar", "amenity": "clinic", "healthcare": "clinic", "emergency": null, "facility_id": "hosp_432", "sampled_risk": 0.3, "is_safe": true, "safety_status": "Operational / Safe" }, "geometry": { "type": "Point", "coordinates": [ 80.128496365507075, 12.972312818805214 ] } },
{ "type": "Feature", "properties": { "element": "way", "id": 355954822, "name": "HomeoCare International Hospital", "amenity": "hospital", "healthcare": "alternative", "emergency": null, "facility_id": "hosp_433", "sampled_risk": 0.49779999, "is_safe": true, "safety_status": "Operational / Safe" }, "geometry": { "type": "Point", "coordinates": [ 80.112681107825779, 12.924878981663159 ] } },
{ "type": "Feature", "properties": { "element": "way", "id": 364483211, "name": "Nirmal Eye Hospital", "amenity": "hospital", "healthcare": "optometrist", "emergency": null, "facility_id": "hosp_434", "sampled_risk": 0.56779999, "is_safe": false, "safety_status": "Inundation Risk / Unsafe" }, "geometry": { "type": "Point", "coordinates": [ 80.116165589536465, 12.929764976548904 ] } },
{ "type": "Feature", "properties": { "element": "way", "id": 371970672, "name": "Dr.Kamakshi Memorial Hospital", "amenity": "hospital", "healthcare": "hospital", "emergency": "yes", "facility_id": "hosp_435", "sampled_risk": 0.62199998, "is_safe": false, "safety_status": "Inundation Risk / Unsafe" }, "geometry": { "type": "Point", "coordinates": [ 80.209116980152714, 12.949212567724143 ] } },
{ "type": "Feature", "properties": { "element": "way", "id": 428432216, "name": "Government Primary Health Center", "amenity": "hospital", "healthcare": "centre", "emergency": null, "facility_id": "hosp_436", "sampled_risk": 0.41350001, "is_safe": true, "safety_status": "Operational / Safe" }, "geometry": { "type": "Point", "coordinates": [ 80.043205812298311, 12.955081954351432 ] } },
{ "type": "Feature", "properties": { "element": "way", "id": 469672997, "name": "Annai Arul Hospital", "amenity": "hospital", "healthcare": "hospital", "emergency": null, "facility_id": "hosp_437", "sampled_risk": 0.48210001, "is_safe": true, "safety_status": "Operational / Safe" }, "geometry": { "type": "Point", "coordinates": [ 80.088088727876723, 12.920699602960065 ] } },
{ "type": "Feature", "properties": { "element": "way", "id": 765605778, "name": "Gleneagles Global Heath City", "amenity": "hospital", "healthcare": "hospital", "emergency": "yes", "facility_id": "hosp_438", "sampled_risk": 0.52240002, "is_safe": true, "safety_status": "Operational / Safe" }, "geometry": { "type": "Point", "coordinates": [ 80.206124279887902, 12.898177977666398 ] } },
{ "type": "Feature", "properties": { "element": "way", "id": 940932459, "name": "Medical Facility", "amenity": "hospital", "healthcare": "hospital", "emergency": null, "facility_id": "hosp_439", "sampled_risk": 0.57859999, "is_safe": false, "safety_status": "Inundation Risk / Unsafe" }, "geometry": { "type": "Point", "coordinates": [ 80.185118558500264, 12.969423808701004 ] } },
{ "type": "Feature", "properties": { "element": "way", "id": 1536405671, "name": "Apollo Clinic", "amenity": "clinic", "healthcare": "clinic", "emergency": null, "facility_id": "hosp_440", "sampled_risk": 0.5499, "is_safe": false, "safety_status": "Inundation Risk / Unsafe" }, "geometry": { "type": "Point", "coordinates": [ 80.125983496032561, 12.923573379063415 ] } },
{ "type": "Feature", "properties": { "element": "way", "id": 1541182154, "name": "Medical Facility", "amenity": "hospital", "healthcare": "hospital", "emergency": null, "facility_id": "hosp_441", "sampled_risk": 0.51109999, "is_safe": true, "safety_status": "Operational / Safe" }, "geometry": { "type": "Point", "coordinates": [ 80.130383719183598, 12.941489348105286 ] } },
{ "type": "Feature", "properties": { "element": "way", "id": 1546917949, "name": "Kauvery Hospitals", "amenity": "hospital", "healthcare": "hospital", "emergency": null, "facility_id": "hosp_442", "sampled_risk": 0.59130001, "is_safe": false, "safety_status": "Inundation Risk / Unsafe" }, "geometry": { "type": "Point", "coordinates": [ 80.189604157774397, 12.948107114238015 ] } }
]
}
