{
"type": "FeatureCollection",
"name": "shelters",
"crs": { "type": "name", "properties": { "name": "urn:ogc:def:crs:OGC:1.3:CRS84" } },
"features": [
{ "type": "Feature", "properties": { "element": "node", "id": 279222927, "name": "Dharmalingeswarar Temple", "amenity": "place_of_worship", "building": null, "shelter_id": "shelt_0", "sampled_risk": 0.58530003, "is_safe": false, "safety_status": "Inundation Risk / Unsafe" }, "geometry": { "type": "Point", "coordinates": [ 80.1863723, 12.9715133 ] } },
{ "type": "Feature", "properties": { "element": "node", "id": 280498514, "name": "Siddhi Vinayakar Temple", "amenity": "place_of_worship", "building": null, "shelter_id": "shelt_1", "sampled_risk": 0.54549998, "is_safe": false, "safety_status": "Inundation Risk / Unsafe" }, "geometry": { "type": "Point", "coordinates": [ 80.1846894, 12.9744013 ] } },
{ "type": "Feature", "properties": { "element": "node", "id": 280499221, "name": "Varasiddhi Vinayakar Temple", "amenity": "place_of_worship", "building": null, "shelter_id": "shelt_2", "sampled_risk": 0.45770001, "is_safe": true, "safety_status": "Operational / Safe" }, "geometry": { "type": "Point", "coordinates": [ 80.1811044, 12.9791978 ] } },
{ "type": "Feature", "properties": { "element": "node", "id": 280511180, "name": "Pathala Vigneshvarar Temple", "amenity": "place_of_worship", "building": null, "shelter_id": "shelt_3", "sampled_risk": 0.51310003, "is_safe": true, "safety_status": "Operational / Safe" }, "geometry": { "type": "Point", "coordinates": [ 80.1907604, 12.9711569 ] } },
{ "type": "Feature", "properties": { "element": "node", "id": 306116789, "name": "Vengaivasal Panchayat office", "amenity": "townhall", "building": null, "shelter_id": "shelt_4", "sampled_risk": 0.43329999, "is_safe": true, "safety_status": "Operational / Safe" }, "geometry": { "type": "Point", "coordinates": [ 80.1715639, 12.9000243 ] } },
{ "type": "Feature", "properties": { "element": "node", "id": 312014519, "name": "Brilliant Matriculation School", "amenity": "school", "building": null, "shelter_id": "shelt_5", "sampled_risk": 0.5772, "is_safe": false, "safety_status": "Inundation Risk / Unsafe" }, "geometry": { "type": "Point", "coordinates": [ 80.186583, 12.9704142 ] } },
{ "type": "Feature", "properties": { "element": "node", "id": 313279838, "name": "Ayyanar Koil", "amenity": "place_of_worship", "building": null, "shelter_id": "shelt_6", "sampled_risk": 0.37639999, "is_safe": true, "safety_status": "Operational / Safe" }, "geometry": { "type": "Point", "coordinates": [ 80.1005792, 12.8949981 ] } },
{ "type": "Feature", "properties": { "element": "node", "id": 323576962, "name": "Pentecostal Mission", "amenity": "place_of_worship", "building": null, "shelter_id": "shelt_7", "sampled_risk": 0.43450001, "is_safe": true, "safety_status": "Operational / Safe" }, "geometry": { "type": "Point", "coordinates": [ 80.1038493, 12.910879 ] } },
{ "type": "Feature", "properties": { "element": "node", "id": 347339850, "name": "Kali Temple", "amenity": "place_of_worship", "building": null, "shelter_id": "shelt_8", "sampled_risk": 0.54350001, "is_safe": false, "safety_status": "Inundation Risk / Unsafe" }, "geometry": { "type": "Point", "coordinates": [ 80.126428, 12.9447808 ] } },
{ "type": "Feature", "properties": { "element": "node", "id": 347340980, "name": "Rama Anjaneya Koil", "amenity": "place_of_worship", "building": null, "shelter_id": "shelt_9", "sampled_risk": 0.52029997, "is_safe": true, "safety_status": "Operational / Safe" }, "geometry": { "type": "Point", "coordinates": [ 80.1311487, 12.9411169 ] } },
{ "type": "Feature", "properties": { "element": "node", "id": 560177036, "name": "gengaiammal temple", "amenity": "place_of_worship", "building": null, "shelter_id": "shelt_10", "sampled_risk": 0.41170001, "is_safe": true, "safety_status": "Operational / Safe" }, "geometry": { "type": "Point", "coordinates": [ 80.1378852, 12.9465204 ] } },
{ "type": "Feature", "properties": { "element": "node", "id": 560231368, "name": "NSN School", "amenity": "school", "building": null, "shelter_id": "shelt_11", "sampled_risk": 0.42359999, "is_safe": true, "safety_status": "Operational / Safe" }, "geometry": { "type": "Point", "coordinates": [ 80.1416397, 12.9426246 ] } },
{ "type": "Feature", "properties": { "element": "node", "id": 582775114, "name": "Designated Public Shelter", "amenity": "place_of_worship", "building": null, "shelter_id": "shelt_12", "sampled_risk": 0.36039999, "is_safe": true, "safety_status": "Operational / Safe" }, "geometry": { "type": "Point", "coordinates": [ 80.1413528, 12.9517129 ] } },
{ "type": "Feature", "properties": { "element": "node", "id": 595654418, "name": "Government Boys Higher Secondary School", "amenity": "school", "building": null, "shelter_id": "shelt_13", "sampled_risk": 0.35929999, "is_safe": true, "safety_status": "Operational / Safe" }, "geometry": { "type": "Point", "coordinates": [ 80.1368303, 12.953827 ] } },
{ "type": "Feature", "properties": { "element": "node", "id": 595655153, "name": "Lakshmi Ammal School", "amenity": "school", "building": null, "shelter_id": "shelt_14", "sampled_risk": 0.3743, "is_safe": true, "safety_status": "Operational / Safe" }, "geometry": { "type": "Point", "coordinates": [ 80.1345334, 12.9519873 ] } },
{ "type": "Feature", "properties": { "element": "node", "id": 598059387, "name": "Government Girls Higher Secondary School", "amenity": "school", "building": null, "shelter_id": "shelt_15", "sampled_risk": 0.3854, "is_safe": true, "safety_status": "Operational / Safe" }, "geometry": { "type": "Point", "coordinates": [ 80.1344901, 12.9523982 ] } },
{ "type": "Feature", "properties": { "element": "node", "id": 761949200, "name": "Christ King School", "amenity": "school", "building": null, "shelter_id": "shelt_16", "sampled_risk": 0.54589999, "is_safe": false, "safety_status": "Inundation Risk / Unsafe" }, "geometry": { "type": "Point", "coordinates": [ 80.1869452, 12.9214424 ] } },
{ "type": "Feature", "properties": { "element": "node", "id": 792271327, "name": "Ganesh Temple", "amenity": "place_of_worship", "building": null, "shelter_id": "shelt_17", "sampled_risk": 0.50980002, "is_safe": true, "safety_status": "Operational / Safe" }, "geometry": { "type": "Point", "coordinates": [ 80.0401265, 12.8191098 ] } },
{ "type": "Feature", "properties": { "element": "node", "id": 792271329, "name": "Designated Public Shelter", "amenity": "place_of_worship", "building": null, "shelter_id": "shelt_18", "sampled_risk": 0.4957, "is_safe": true, "safety_status": "Operational / Safe" }, "geometry": { "type": "Point", "coordinates": [ 80.0391388, 12.8179343 ] } },
{ "type": "Feature", "properties": { "element": "node", "id": 809673463, "name": "Temple", "amenity": "place_of_worship", "building": null, "shelter_id": "shelt_19", "sampled_risk": 0.44, "is_safe": true, "safety_status": "Operational / Safe" }, "geometry": { "type": "Point", "coordinates": [ 80.1022087, 12.9186832 ] } },
{ "type": "Feature", "properties": { "element": "node", "id": 928849475, "name": "Designated Public Shelter", "amenity": "place_of_worship", "building": null, "shelter_id": "shelt_20", "sampled_risk": 0.32980001, "is_safe": true, "safety_status": "Operational / Safe" }, "geometry": { "type": "Point", "coordinates": [ 80.1507244, 12.9714121 ] } },
{ "type": "Feature", "properties": { "element": "node", "id": 973620328, "name": "Vinayagar", "amenity": "place_of_worship", "building": null, "shelter_id": "shelt_21", "sampled_risk": 0.54939997, "is_safe": false, "safety_status": "Inundation Risk / Unsafe" }, "geometry": { "type": "Point", "coordinates": [ 80.197316, 12.908527 ] } },
{ "type": "Feature", "properties": { "element": "node", "id": 978253520, "name": "Perumal Koil", "amenity": "place_of_worship", "building": null, "shelter_id": "shelt_22", "sampled_risk": 0.36219999, "is_safe": true, "safety_status": "Operational / Safe" }, "geometry": { "type": "Point", "coordinates": [ 80.0376539, 12.9162123 ] } },
{ "type": "Feature", "properties": { "element": "node", "id": 983957835, "name": "Sarada Matriculation School", "amenity": "school", "building": null, "shelter_id": "shelt_23", "sampled_risk": 0.3179, "is_safe": true, "safety_status": "Operational / Safe" }, "geometry": { "type": "Point", "coordinates": [ 80.1281637, 12.9674323 ] } },
{ "type": "Feature", "properties": { "element": "node", "id": 983959708, "name": "Pillayar Temple", "amenity": "place_of_worship", "building": null, "shelter_id": "shelt_24", "sampled_risk": 0.28760001, "is_safe": true, "safety_status": "Operational / Safe" }, "geometry": { "type": "Point", "coordinates": [ 80.1286089, 12.9712171 ] } },
{ "type": "Feature", "properties": { "element": "node", "id": 983959722, "name": "Ammaniammal School", "amenity": "school", "building": null, "shelter_id": "shelt_25", "sampled_risk": 0.3619, "is_safe": true, "safety_status": "Operational / Safe" }, "geometry": { "type": "Point", "coordinates": [ 80.1263205, 12.9660634 ] } },
{ "type": "Feature", "properties": { "element": "node", "id": 983959725, "name": "SatSang Temple", "amenity": "place_of_worship", "building": null, "shelter_id": "shelt_26", "sampled_risk": 0.2985, "is_safe": true, "safety_status": "Operational / Safe" }, "geometry": { "type": "Point", "coordinates": [ 80.1258945, 12.9698737 ] } },
{ "type": "Feature", "properties": { "element": "node", "id": 1001115425, "name": "Designated Public Shelter", "amenity": "place_of_worship", "building": null, "shelter_id": "shelt_27", "sampled_risk": 0.3089, "is_safe": true, "safety_status": "Operational / Safe" }, "geometry": { "type": "Point", "coordinates": [ 80.1304888, 12.9709745 ] } },
{ "type": "Feature", "properties": { "element": "node", "id": 1116020305, "name": "Designated Public Shelter", "amenity": "place_of_worship", "building": null, "shelter_id": "shelt_28", "sampled_risk": 0.5395, "is_safe": false, "safety_status": "Inundation Risk / Unsafe" }, "geometry": { "type": "Point", "coordinates": [ 80.126879, 12.9362189 ] } },
{ "type": "Feature", "properties": { "element": "node", "id": 1317151777, "name": "Ramar Temple", "amenity": "place_of_worship", "building": null, "shelter_id": "shelt_29", "sampled_risk": 0.66670001, "is_safe": false, "safety_status": "Inundation Risk / Unsafe" }, "geometry": { "type": "Point", "coordinates": [ 80.2090431, 12.9674844 ] } },
{ "type": "Feature", "properties": { "element": "node", "id": 1329321951, "name": "St Peters School", "amenity": "school", "building": null, "shelter_id": "shelt_30", "sampled_risk": 0.71850002, "is_safe": false, "safety_status": "Inundation Risk / Unsafe" }, "geometry": { "type": "Point", "coordinates": [ 80.2024966, 12.9284826 ] } },
{ "type": "Feature", "properties": { "element": "node", "id": 1329321953, "name": "Temple", "amenity": "place_of_worship", "building": null, "shelter_id": "shelt_31", "sampled_risk": 0.71820003, "is_safe": false, "safety_status": "Inundation Risk / Unsafe" }, "geometry": { "type": "Point", "coordinates": [ 80.2030798, 12.9216642 ] } },
{ "type": "Feature", "properties": { "element": "node", "id": 1329325022, "name": "Designated Public Shelter", "amenity": "place_of_worship", "building": null, "shelter_id": "shelt_32", "sampled_risk": 0.71859998, "is_safe": false, "safety_status": "Inundation Risk / Unsafe" }, "geometry": { "type": "Point", "coordinates": [ 80.2033168, 12.9271398 ] } },
{ "type": "Feature", "properties": { "element": "node", "id": 1329325023, "name": "Designated Public Shelter", "amenity": "place_of_worship", "building": null, "shelter_id": "shelt_33", "sampled_risk": 0.7184, "is_safe": false, "safety_status": "Inundation Risk / Unsafe" }, "geometry": { "type": "Point", "coordinates": [ 80.2031999, 12.9233901 ] } },
{ "type": "Feature", "properties": { "element": "node", "id": 1329326250, "name": "Bharatha Vidhyalaya School", "amenity": "school", "building": null, "shelter_id": "shelt_34", "sampled_risk": 0.5517, "is_safe": false, "safety_status": "Inundation Risk / Unsafe" }, "geometry": { "type": "Point", "coordinates": [ 80.2016416, 12.9079132 ] } },
{ "type": "Feature", "properties": { "element": "node", "id": 1329336746, "name": "Pallikarani Govt Higher Secondary School", "amenity": "school", "building": null, "shelter_id": "shelt_35", "sampled_risk": 0.71759999, "is_safe": false, "safety_status": "Inundation Risk / Unsafe" }, "geometry": { "type": "Point", "coordinates": [ 80.1982298, 12.9242267 ] } },
{ "type": "Feature", "properties": { "element": "node", "id": 1330443392, "name": "Asan Memorial College", "amenity": "school", "building": null, "shelter_id": "shelt_36", "sampled_risk": 0.718, "is_safe": false, "safety_status": "Inundation Risk / Unsafe" }, "geometry": { "type": "Point", "coordinates": [ 80.2003719, 12.9253386 ] } },
{ "type": "Feature", "properties": { "element": "node", "id": 1483766085, "name": "Miranda residence", "amenity": "townhall", "building": null, "shelter_id": "shelt_37", "sampled_risk": 0.39230001, "is_safe": true, "safety_status": "Operational / Safe" }, "geometry": { "type": "Point", "coordinates": [ 80.1737736, 12.8991253 ] } },
{ "type": "Feature", "properties": { "element": "node", "id": 1557414621, "name": "Sivan Temple", "amenity": "place_of_worship", "building": null, "shelter_id": "shelt_38", "sampled_risk": 0.482, "is_safe": true, "safety_status": "Operational / Safe" }, "geometry": { "type": "Point", "coordinates": [ 80.1441464, 12.9274911 ] } },
{ "type": "Feature", "properties": { "element": "node", "id": 1557439342, "name": "Yoga Mandhir", "amenity": "place_of_worship", "building": null, "shelter_id": "shelt_39", "sampled_risk": 0.4777, "is_safe": true, "safety_status": "Operational / Safe" }, "geometry": { "type": "Point", "coordinates": [ 80.1437887, 12.9273663 ] } },
{ "type": "Feature", "properties": { "element": "node", "id": 1625419722, "name": "Kodi Baba Sai Baba Temple", "amenity": "place_of_worship", "building": null, "shelter_id": "shelt_40", "sampled_risk": 0.64340001, "is_safe": false, "safety_status": "Inundation Risk / Unsafe" }, "geometry": { "type": "Point", "coordinates": [ 80.2022556, 12.957841 ] } },
{ "type": "Feature", "properties": { "element": "node", "id": 1636170540, "name": "Pon Vidhyashram School", "amenity": "school", "building": null, "shelter_id": "shelt_41", "sampled_risk": 0.667, "is_safe": false, "safety_status": "Inundation Risk / Unsafe" }, "geometry": { "type": "Point", "coordinates": [ 80.2155154, 12.9667572 ] } },
{ "type": "Feature", "properties": { "element": "node", "id": 1636171309, "name": "SAN Academy", "amenity": "school", "building": null, "shelter_id": "shelt_42", "sampled_risk": 0.66350001, "is_safe": false, "safety_status": "Inundation Risk / Unsafe" }, "geometry": { "type": "Point", "coordinates": [ 80.2123879, 12.9757851 ] } },
{ "type": "Feature", "properties": { "element": "node", "id": 1636175455, "name": "Kamatchi amman temple", "amenity": "place_of_worship", "building": null, "shelter_id": "shelt_43", "sampled_risk": 0.6279, "is_safe": false, "safety_status": "Inundation Risk / Unsafe" }, "geometry": { "type": "Point", "coordinates": [ 80.1924438, 12.9609216 ] } },
{ "type": "Feature", "properties": { "element": "node", "id": 1636178008, "name": "Vailankanni Silver Jubilee Matriculation Higher Secondary School", "amenity": "school", "building": null, "shelter_id": "shelt_44", "sampled_risk": 0.61180001, "is_safe": false, "safety_status": "Inundation Risk / Unsafe" }, "geometry": { "type": "Point", "coordinates": [ 80.1928829, 12.9579014 ] } },
{ "type": "Feature", "properties": { "element": "node", "id": 1693479383, "name": "Vinayagar Temple", "amenity": "place_of_worship", "building": null, "shelter_id": "shelt_45", "sampled_risk": 0.4517, "is_safe": true, "safety_status": "Operational / Safe" }, "geometry": { "type": "Point", "coordinates": [ 80.1697712, 12.9211025 ] } },
{ "type": "Feature", "properties": { "element": "node", "id": 1747265828, "name": "Designated Public Shelter", "amenity": "place_of_worship", "building": null, "shelter_id": "shelt_46", "sampled_risk": 0.64810002, "is_safe": false, "safety_status": "Inundation Risk / Unsafe" }, "geometry": { "type": "Point", "coordinates": [ 80.2039344, 12.9600814 ] } },
{ "type": "Feature", "properties": { "element": "node", "id": 1760694106, "name": "Prince Matric Hr Sec School", "amenity": "school", "building": null, "shelter_id": "shelt_47", "sampled_risk": 0.62989998, "is_safe": false, "safety_status": "Inundation Risk / Unsafe" }, "geometry": { "type": "Point", "coordinates": [ 80.1944308, 12.9694641 ] } },
{ "type": "Feature", "properties": { "element": "node", "id": 1760696030, "name": "Karthikeyapuran Co-operative Community Hall", "amenity": "community_centre", "building": null, "shelter_id": "shelt_48", "sampled_risk": 0.6221, "is_safe": false, "safety_status": "Inundation Risk / Unsafe" }, "geometry": { "type": "Point", "coordinates": [ 80.193572, 12.9622746 ] } },
{ "type": "Feature", "properties": { "element": "node", "id": 1760907465, "name": "Thandai Periyar Govt High School", "amenity": "school", "building": null, "shelter_id": "shelt_49", "sampled_risk": 0.63990003, "is_safe": false, "safety_status": "Inundation Risk / Unsafe" }, "geometry": { "type": "Point", "coordinates": [ 80.1970465, 12.9705025 ] } },
{ "type": "Feature", "properties": { "element": "node", "id": 1764301609, "name": "Shiva Vishnu Temple", "amenity": "place_of_worship", "building": null, "shelter_id": "shelt_50", "sampled_risk": 0.6534, "is_safe": false, "safety_status": "Inundation Risk / Unsafe" }, "geometry": { "type": "Point", "coordinates": [ 80.2179451, 12.9715054 ] } },
{ "type": "Feature", "properties": { "element": "node", "id": 1836798405, "name": "Designated Public Shelter", "amenity": "school", "building": null, "shelter_id": "shelt_51", "sampled_risk": 0.53649998, "is_safe": false, "safety_status": "Inundation Risk / Unsafe" }, "geometry": { "type": "Point", "coordinates": [ 80.1872129, 12.9156126 ] } },
{ "type": "Feature", "properties": { "element": "node", "id": 1863526573, "name": "Designated Public Shelter", "amenity": "place_of_worship", "building": null, "shelter_id": "shelt_52", "sampled_risk": 0.51010001, "is_safe": true, "safety_status": "Operational / Safe" }, "geometry": { "type": "Point", "coordinates": [ 80.114513, 12.9635862 ] } },
{ "type": "Feature", "properties": { "element": "node", "id": 2053800293, "name": "Himayam Matric School", "amenity": "school", "building": null, "shelter_id": "shelt_53", "sampled_risk": 0.57599998, "is_safe": false, "safety_status": "Inundation Risk / Unsafe" }, "geometry": { "type": "Point", "coordinates": [ 80.1945713, 12.9454618 ] } },
{ "type": "Feature", "properties": { "element": "node", "id": 2077234672, "name": "Designated Public Shelter", "amenity": "place_of_worship", "building": null, "shelter_id": "shelt_54", "sampled_risk": 0.71880001, "is_safe": false, "safety_status": "Inundation Risk / Unsafe" }, "geometry": { "type": "Point", "coordinates": [ 80.2025258, 12.9340485 ] } },
{ "type": "Feature", "properties": { "element": "node", "id": 2086712181, "name": "Goverment school", "amenity": "school", "building": null, "shelter_id": "shelt_55", "sampled_risk": 0.53890002, "is_safe": false, "safety_status": "Inundation Risk / Unsafe" }, "geometry": { "type": "Point", "coordinates": [ 80.1850444, 12.956025 ] } },
{ "type": "Feature", "properties": { "element": "node", "id": 2086712182, "name": "Murukan koil", "amenity": "place_of_worship", "building": null, "shelter_id": "shelt_56", "sampled_risk": 0.55119997, "is_safe": false, "safety_status": "Inundation Risk / Unsafe" }, "geometry": { "type": "Point", "coordinates": [ 80.1848057, 12.9561034 ] } },
{ "type": "Feature", "properties": { "element": "node", "id": 2108551485, "name": "Sri Lakshmi Narasimha Navaneetha Krishnan Temple", "amenity": "place_of_worship", "building": null, "shelter_id": "shelt_57", "sampled_risk": 0.57859999, "is_safe": false, "safety_status": "Inundation Risk / Unsafe" }, "geometry": { "type": "Point", "coordinates": [ 80.1839997, 12.9720394 ] } },
{ "type": "Feature", "properties": { "element": "node", "id": 2145403987, "name": "Kubera Vinayagar Temple", "amenity": "place_of_worship", "building": null, "shelter_id": "shelt_58", "sampled_risk": 0.5079, "is_safe": true, "safety_status": "Operational / Safe" }, "geometry": { "type": "Point", "coordinates": [ 80.1855508, 12.9784197 ] } },
{ "type": "Feature", "properties": { "element": "node", "id": 2202843911, "name": "Srinivasa Perumal Temple", "amenity": "place_of_worship", "building": null, "shelter_id": "shelt_59", "sampled_risk": 0.602, "is_safe": false, "safety_status": "Inundation Risk / Unsafe" }, "geometry": { "type": "Point", "coordinates": [ 80.1883173, 12.9581348 ] } },
{ "type": "Feature", "properties": { "element": "node", "id": 2210024243, "name": "Sithalapakkam Government High School", "amenity": "school", "building": null, "shelter_id": "shelt_60", "sampled_risk": 0.51429999, "is_safe": true, "safety_status": "Operational / Safe" }, "geometry": { "type": "Point", "coordinates": [ 80.1828607, 12.8961318 ] } },
{ "type": "Feature", "properties": { "element": "node", "id": 2210041747, "name": "Pilliar Kovil", "amenity": "place_of_worship", "building": null, "shelter_id": "shelt_61", "sampled_risk": 0.47279999, "is_safe": true, "safety_status": "Operational / Safe" }, "geometry": { "type": "Point", "coordinates": [ 80.1844884, 12.8930966 ] } },
{ "type": "Feature", "properties": { "element": "node", "id": 2487718823, "name": "Mariamman Temple", "amenity": "place_of_worship", "building": null, "shelter_id": "shelt_62", "sampled_risk": 0.4666, "is_safe": true, "safety_status": "Operational / Safe" }, "geometry": { "type": "Point", "coordinates": [ 80.0887653, 12.8198303 ] } },
{ "type": "Feature", "properties": { "element": "node", "id": 2487718828, "name": "Vinayakar Temple", "amenity": "place_of_worship", "building": null, "shelter_id": "shelt_63", "sampled_risk": 0.487, "is_safe": true, "safety_status": "Operational / Safe" }, "geometry": { "type": "Point", "coordinates": [ 80.0863019, 12.8207516 ] } },
{ "type": "Feature", "properties": { "element": "node", "id": 2517035812, "name": "King's Matric Hr Sec School", "amenity": "school", "building": null, "shelter_id": "shelt_64", "sampled_risk": 0.65069997, "is_safe": false, "safety_status": "Inundation Risk / Unsafe" }, "geometry": { "type": "Point", "coordinates": [ 80.1970157, 12.9657555 ] } },
{ "type": "Feature", "properties": { "element": "node", "id": 2728294977, "name": "Infant jesus high school", "amenity": "school", "building": null, "shelter_id": "shelt_65", "sampled_risk": 0.71890002, "is_safe": false, "safety_status": "Inundation Risk / Unsafe" }, "geometry": { "type": "Point", "coordinates": [ 80.2045907, 12.9298318 ] } },
{ "type": "Feature", "properties": { "element": "node", "id": 3014093886, "name": "CSI St Mark Church", "amenity": "place_of_worship", "building": null, "shelter_id": "shelt_66", "sampled_risk": 0.50349998, "is_safe": true, "safety_status": "Operational / Safe" }, "geometry": { "type": "Point", "coordinates": [ 80.1438885, 12.922164 ] } },
{ "type": "Feature", "properties": { "element": "node", "id": 3016106485, "name": "Sri Ahobila Mutt", "amenity": "place_of_worship", "building": null, "shelter_id": "shelt_67", "sampled_risk": 0.57359999, "is_safe": false, "safety_status": "Inundation Risk / Unsafe" }, "geometry": { "type": "Point", "coordinates": [ 80.136263, 12.9238671 ] } },
{ "type": "Feature", "properties": { "element": "node", "id": 3016140168, "name": "Designated Public Shelter", "amenity": "place_of_worship", "building": null, "shelter_id": "shelt_68", "sampled_risk": 0.5226, "is_safe": true, "safety_status": "Operational / Safe" }, "geometry": { "type": "Point", "coordinates": [ 80.1328937, 12.9225172 ] } },
{ "type": "Feature", "properties": { "element": "node", "id": 3032378231, "name": "Birameswarar Siva Vishnu Temple", "amenity": "place_of_worship", "building": null, "shelter_id": "shelt_69", "sampled_risk": 0.5399, "is_safe": false, "safety_status": "Inundation Risk / Unsafe" }, "geometry": { "type": "Point", "coordinates": [ 80.1033588, 12.9264688 ] } },
{ "type": "Feature", "properties": { "element": "node", "id": 3053322452, "name": "Rajarajeswari Temple", "amenity": "place_of_worship", "building": null, "shelter_id": "shelt_70", "sampled_risk": 0.55549997, "is_safe": false, "safety_status": "Inundation Risk / Unsafe" }, "geometry": { "type": "Point", "coordinates": [ 80.1416815, 12.9245538 ] } },
{ "type": "Feature", "properties": { "element": "node", "id": 3071893249, "name": "Sreevatsa Viswanathan Vivekananda Vidhyalaya", "amenity": "school", "building": null, "shelter_id": "shelt_71", "sampled_risk": 0.4905, "is_safe": true, "safety_status": "Operational / Safe" }, "geometry": { "type": "Point", "coordinates": [ 80.1453706, 12.928648 ] } },
{ "type": "Feature", "properties": { "element": "node", "id": 3097012397, "name": "Chennai School (Corporation)", "amenity": "school", "building": null, "shelter_id": "shelt_72", "sampled_risk": 0.7177, "is_safe": false, "safety_status": "Inundation Risk / Unsafe" }, "geometry": { "type": "Point", "coordinates": [ 80.1978774, 12.926285 ] } },
{ "type": "Feature", "properties": { "element": "node", "id": 3278459149, "name": "Kubera Ganapathy temple", "amenity": "place_of_worship", "building": null, "shelter_id": "shelt_73", "sampled_risk": 0.44080001, "is_safe": true, "safety_status": "Operational / Safe" }, "geometry": { "type": "Point", "coordinates": [ 80.0879337, 12.9038856 ] } },
{ "type": "Feature", "properties": { "element": "node", "id": 3278459150, "name": "Sri Sai Baba temple", "amenity": "place_of_worship", "building": null, "shelter_id": "shelt_74", "sampled_risk": 0.43869999, "is_safe": true, "safety_status": "Operational / Safe" }, "geometry": { "type": "Point", "coordinates": [ 80.0881111, 12.9043635 ] } },
{ "type": "Feature", "properties": { "element": "node", "id": 3646935096, "name": "Sacred Heart of Jesus Church", "amenity": "place_of_worship", "building": null, "shelter_id": "shelt_75", "sampled_risk": 0.52880001, "is_safe": true, "safety_status": "Operational / Safe" }, "geometry": { "type": "Point", "coordinates": [ 80.1458669, 12.8974655 ] } },
{ "type": "Feature", "properties": { "element": "node", "id": 3750671376, "name": "Mars Marriage Hall", "amenity": "community_centre", "building": null, "shelter_id": "shelt_76", "sampled_risk": 0.4619, "is_safe": true, "safety_status": "Operational / Safe" }, "geometry": { "type": "Point", "coordinates": [ 80.1446668, 12.9705654 ] } },
{ "type": "Feature", "properties": { "element": "node", "id": 3829171450, "name": "Amman Kovil", "amenity": "place_of_worship", "building": null, "shelter_id": "shelt_77", "sampled_risk": 0.4743, "is_safe": true, "safety_status": "Operational / Safe" }, "geometry": { "type": "Point", "coordinates": [ 80.1833765, 12.893442 ] } },
{ "type": "Feature", "properties": { "element": "node", "id": 3849313763, "name": "Jamia Masjid", "amenity": "place_of_worship", "building": null, "shelter_id": "shelt_78", "sampled_risk": 0.43450001, "is_safe": true, "safety_status": "Operational / Safe" }, "geometry": { "type": "Point", "coordinates": [ 80.146697, 12.9688014 ] } },
{ "type": "Feature", "properties": { "element": "node", "id": 3849316460, "name": "Green Mosque", "amenity": "place_of_worship", "building": null, "shelter_id": "shelt_79", "sampled_risk": 0.3319, "is_safe": true, "safety_status": "Operational / Safe" }, "geometry": { "type": "Point", "coordinates": [ 80.1503475, 12.9711538 ] } },
{ "type": "Feature", "properties": { "element": "node", "id": 4056624163, "name": "PRN Wedding hall", "amenity": "community_centre", "building": null, "shelter_id": "shelt_80", "sampled_risk": 0.3319, "is_safe": true, "safety_status": "Operational / Safe" }, "geometry": { "type": "Point", "coordinates": [ 80.0721834, 12.8650618 ] } },
{ "type": "Feature", "properties": { "element": "node", "id": 4090239218, "name": "Rajkumar Sulochana Matric Higher Secondary School", "amenity": "school", "building": null, "shelter_id": "shelt_81", "sampled_risk": 0.62550002, "is_safe": false, "safety_status": "Inundation Risk / Unsafe" }, "geometry": { "type": "Point", "coordinates": [ 80.1920857, 12.968849 ] } },
{ "type": "Feature", "properties": { "element": "node", "id": 4157555889, "name": "Mahalakshmi Koil", "amenity": "place_of_worship", "building": null, "shelter_id": "shelt_82", "sampled_risk": 0.3511, "is_safe": true, "safety_status": "Operational / Safe" }, "geometry": { "type": "Point", "coordinates": [ 80.0734948, 12.8661401 ] } },
{ "type": "Feature", "properties": { "element": "node", "id": 4158499390, "name": "Sridevi Amman Koil", "amenity": "place_of_worship", "building": null, "shelter_id": "shelt_83", "sampled_risk": 0.34400001, "is_safe": true, "safety_status": "Operational / Safe" }, "geometry": { "type": "Point", "coordinates": [ 80.0624695, 12.8671717 ] } },
{ "type": "Feature", "properties": { "element": "node", "id": 4158507891, "name": "Karumari Amman Koil", "amenity": "place_of_worship", "building": null, "shelter_id": "shelt_84", "sampled_risk": 0.346, "is_safe": true, "safety_status": "Operational / Safe" }, "geometry": { "type": "Point", "coordinates": [ 80.0607767, 12.8707379 ] } },
{ "type": "Feature", "properties": { "element": "node", "id": 4158510190, "name": "Siva Rama Anjaneya Murugan Koil", "amenity": "place_of_worship", "building": null, "shelter_id": "shelt_85", "sampled_risk": 0.3576, "is_safe": true, "safety_status": "Operational / Safe" }, "geometry": { "type": "Point", "coordinates": [ 80.1458857, 12.9508931 ] } },
{ "type": "Feature", "properties": { "element": "node", "id": 4158512489, "name": "Pillayar Koil Bharathipuram", "amenity": "place_of_worship", "building": null, "shelter_id": "shelt_86", "sampled_risk": 0.38350001, "is_safe": true, "safety_status": "Operational / Safe" }, "geometry": { "type": "Point", "coordinates": [ 80.1470023, 12.9478429 ] } },
{ "type": "Feature", "properties": { "element": "node", "id": 4161672789, "name": "Pillayar Koil", "amenity": "place_of_worship", "building": null, "shelter_id": "shelt_87", "sampled_risk": 0.32269999, "is_safe": true, "safety_status": "Operational / Safe" }, "geometry": { "type": "Point", "coordinates": [ 80.1421501, 12.9528336 ] } },
{ "type": "Feature", "properties": { "element": "node", "id": 4195222607, "name": "Govt School", "amenity": "school", "building": null, "shelter_id": "shelt_88", "sampled_risk": 0.32910001, "is_safe": true, "safety_status": "Operational / Safe" }, "geometry": { "type": "Point", "coordinates": [ 80.0619303, 12.8684808 ] } },
{ "type": "Feature", "properties": { "element": "node", "id": 4195239801, "name": "4th Cross Street", "amenity": "school", "building": null, "shelter_id": "shelt_89", "sampled_risk": 0.34369999, "is_safe": true, "safety_status": "Operational / Safe" }, "geometry": { "type": "Point", "coordinates": [ 80.0617444, 12.8682533 ] } },
{ "type": "Feature", "properties": { "element": "node", "id": 4259653960, "name": "Bhavani Amman Kovil", "amenity": "place_of_worship", "building": null, "shelter_id": "shelt_90", "sampled_risk": 0.39770001, "is_safe": true, "safety_status": "Operational / Safe" }, "geometry": { "type": "Point", "coordinates": [ 80.1425152, 12.9408826 ] } },
{ "type": "Feature", "properties": { "element": "node", "id": 4259654145, "name": "Vaikunda Parameshwari Amman Kovil", "amenity": "place_of_worship", "building": null, "shelter_id": "shelt_91", "sampled_risk": 0.41229999, "is_safe": true, "safety_status": "Operational / Safe" }, "geometry": { "type": "Point", "coordinates": [ 80.1426648, 12.9417063 ] } },
{ "type": "Feature", "properties": { "element": "node", "id": 4259655980, "name": "Kumaran Kundram Kovil", "amenity": "place_of_worship", "building": null, "shelter_id": "shelt_92", "sampled_risk": 0.4569, "is_safe": true, "safety_status": "Operational / Safe" }, "geometry": { "type": "Point", "coordinates": [ 80.1424399, 12.9439424 ] } },
{ "type": "Feature", "properties": { "element": "node", "id": 4310590233, "name": "St Mark's School", "amenity": "school", "building": null, "shelter_id": "shelt_93", "sampled_risk": 0.3635, "is_safe": true, "safety_status": "Operational / Safe" }, "geometry": { "type": "Point", "coordinates": [ 80.1488697, 12.9510813 ] } },
{ "type": "Feature", "properties": { "element": "node", "id": 4329337642, "name": "Yezhoor Amman Temple", "amenity": "place_of_worship", "building": null, "shelter_id": "shelt_94", "sampled_risk": 0.56339997, "is_safe": false, "safety_status": "Inundation Risk / Unsafe" }, "geometry": { "type": "Point", "coordinates": [ 80.1827667, 12.9713782 ] } },
{ "type": "Feature", "properties": { "element": "node", "id": 4447246138, "name": "Sri Sankara Vidyalaya Matriculation School", "amenity": "school", "building": null, "shelter_id": "shelt_95", "sampled_risk": 0.3012, "is_safe": true, "safety_status": "Operational / Safe" }, "geometry": { "type": "Point", "coordinates": [ 80.1265543, 12.9715673 ] } },
{ "type": "Feature", "properties": { "element": "node", "id": 4530031497, "name": "Jambukeswarar Temple - Water", "amenity": "place_of_worship", "building": null, "shelter_id": "shelt_96", "sampled_risk": 0.4919, "is_safe": true, "safety_status": "Operational / Safe" }, "geometry": { "type": "Point", "coordinates": [ 80.1623524, 12.9203395 ] } },
{ "type": "Feature", "properties": { "element": "node", "id": 4530032596, "name": "Ekambaresewarar temple", "amenity": "place_of_worship", "building": null, "shelter_id": "shelt_97", "sampled_risk": 0.4727, "is_safe": true, "safety_status": "Operational / Safe" }, "geometry": { "type": "Point", "coordinates": [ 80.177064, 12.9390939 ] } },
{ "type": "Feature", "properties": { "element": "node", "id": 4532136690, "name": "Somanatheeswarar Temple - Chandra Stalam", "amenity": "place_of_worship", "building": null, "shelter_id": "shelt_98", "sampled_risk": 0.47350001, "is_safe": true, "safety_status": "Operational / Safe" }, "geometry": { "type": "Point", "coordinates": [ 80.0377612, 12.9450327 ] } },
{ "type": "Feature", "properties": { "element": "node", "id": 4546129989, "name": "Designated Public Shelter", "amenity": "place_of_worship", "building": null, "shelter_id": "shelt_99", "sampled_risk": 0.36770001, "is_safe": true, "safety_status": "Operational / Safe" }, "geometry": { "type": "Point", "coordinates": [ 80.0756727, 12.8614661 ] } },
{ "type": "Feature", "properties": { "element": "node", "id": 4549736609, "name": "Pilayar koil", "amenity": "place_of_worship", "building": null, "shelter_id": "shelt_100", "sampled_risk": 0.6631, "is_safe": false, "safety_status": "Inundation Risk / Unsafe" }, "geometry": { "type": "Point", "coordinates": [ 80.2128187, 12.9648528 ] } },
{ "type": "Feature", "properties": { "element": "node", "id": 4623114495, "name": "Designated Public Shelter", "amenity": "community_centre", "building": null, "shelter_id": "shelt_101", "sampled_risk": 0.60530001, "is_safe": false, "safety_status": "Inundation Risk / Unsafe" }, "geometry": { "type": "Point", "coordinates": [ 80.2003464, 12.9790011 ] } },
{ "type": "Feature", "properties": { "element": "node", "id": 4639712099, "name": "Rajaganapathy Pillayar Koil", "amenity": "place_of_worship", "building": null, "shelter_id": "shelt_102", "sampled_risk": 0.48550001, "is_safe": true, "safety_status": "Operational / Safe" }, "geometry": { "type": "Point", "coordinates": [ 80.0896968, 12.9207665 ] } },
{ "type": "Feature", "properties": { "element": "node", "id": 4672611189, "name": "Sree Amruthaa Palace", "amenity": "community_centre", "building": null, "shelter_id": "shelt_103", "sampled_risk": 0.44049999, "is_safe": true, "safety_status": "Operational / Safe" }, "geometry": { "type": "Point", "coordinates": [ 80.1610274, 12.9111841 ] } },
{ "type": "Feature", "properties": { "element": "node", "id": 4693046894, "name": "Pilayar Kovil", "amenity": "place_of_worship", "building": null, "shelter_id": "shelt_104", "sampled_risk": 0.55320001, "is_safe": false, "safety_status": "Inundation Risk / Unsafe" }, "geometry": { "type": "Point", "coordinates": [ 80.1316106, 12.937684 ] } },
{ "type": "Feature", "properties": { "element": "node", "id": 4793687422, "name": "Ranganatha Perumal Temple", "amenity": "place_of_worship", "building": "yes", "shelter_id": "shelt_105", "sampled_risk": 0.5072, "is_safe": true, "safety_status": "Operational / Safe" }, "geometry": { "type": "Point", "coordinates": [ 80.1144526, 12.9633872 ] } },
{ "type": "Feature", "properties": { "element": "node", "id": 4910609721, "name": "Rajeswari Temple", "amenity": "place_of_worship", "building": null, "shelter_id": "shelt_106", "sampled_risk": 0.52740002, "is_safe": true, "safety_status": "Operational / Safe" }, "geometry": { "type": "Point", "coordinates": [ 80.1270383, 12.9261602 ] } },
{ "type": "Feature", "properties": { "element": "node", "id": 4911158031, "name": "Designated Public Shelter", "amenity": "place_of_worship", "building": null, "shelter_id": "shelt_107", "sampled_risk": 0.53740001, "is_safe": false, "safety_status": "Inundation Risk / Unsafe" }, "geometry": { "type": "Point", "coordinates": [ 80.1272207, 12.9289747 ] } },
{ "type": "Feature", "properties": { "element": "node", "id": 4911158621, "name": "Designated Public Shelter", "amenity": "place_of_worship", "building": null, "shelter_id": "shelt_108", "sampled_risk": 0.52789998, "is_safe": true, "safety_status": "Operational / Safe" }, "geometry": { "type": "Point", "coordinates": [ 80.1285429, 12.9328128 ] } },
{ "type": "Feature", "properties": { "element": "node", "id": 5033636170, "name": "Vallal Yusuf nagar mosque", "amenity": "place_of_worship", "building": null, "shelter_id": "shelt_109", "sampled_risk": 0.4368, "is_safe": true, "safety_status": "Operational / Safe" }, "geometry": { "type": "Point", "coordinates": [ 80.1485193, 12.9260751 ] } },
{ "type": "Feature", "properties": { "element": "node", "id": 5087492821, "name": "Sri Sankara Vidyalaya Matriculation Higher Secondary School", "amenity": "school", "building": null, "shelter_id": "shelt_110", "sampled_risk": 0.53619999, "is_safe": true, "safety_status": "Operational / Safe" }, "geometry": { "type": "Point", "coordinates": [ 80.132183, 12.9228716 ] } },
{ "type": "Feature", "properties": { "element": "node", "id": 5087493122, "name": "Victory Christian assembly Church", "amenity": "place_of_worship", "building": "church", "shelter_id": "shelt_111", "sampled_risk": 0.53469998, "is_safe": true, "safety_status": "Operational / Safe" }, "geometry": { "type": "Point", "coordinates": [ 80.1338678, 12.922888 ] } },
{ "type": "Feature", "properties": { "element": "node", "id": 5087493126, "name": "Karumariamman temple", "amenity": "place_of_worship", "building": "temple", "shelter_id": "shelt_112", "sampled_risk": 0.4779, "is_safe": true, "safety_status": "Operational / Safe" }, "geometry": { "type": "Point", "coordinates": [ 80.145961, 12.9223879 ] } },
{ "type": "Feature", "properties": { "element": "node", "id": 5087493226, "name": "Aganda paripurana sachidananda sabai", "amenity": "place_of_worship", "building": null, "shelter_id": "shelt_113", "sampled_risk": 0.46959999, "is_safe": true, "safety_status": "Operational / Safe" }, "geometry": { "type": "Point", "coordinates": [ 80.1493588, 12.9224671 ] } },
{ "type": "Feature", "properties": { "element": "node", "id": 5090924223, "name": "Designated Public Shelter", "amenity": "school", "building": null, "shelter_id": "shelt_114", "sampled_risk": 0.52579999, "is_safe": true, "safety_status": "Operational / Safe" }, "geometry": { "type": "Point", "coordinates": [ 80.1583508, 12.9239351 ] } },
{ "type": "Feature", "properties": { "element": "node", "id": 5090924225, "name": "advent christian church", "amenity": "place_of_worship", "building": "yes", "shelter_id": "shelt_115", "sampled_risk": 0.45469999, "is_safe": true, "safety_status": "Operational / Safe" }, "geometry": { "type": "Point", "coordinates": [ 80.1620926, 12.923056 ] } },
{ "type": "Feature", "properties": { "element": "node", "id": 5225756935, "name": "Zion matriculation higher secondary school", "amenity": "school", "building": null, "shelter_id": "shelt_116", "sampled_risk": 0.46059999, "is_safe": true, "safety_status": "Operational / Safe" }, "geometry": { "type": "Point", "coordinates": [ 80.1609096, 12.9360597 ] } },
{ "type": "Feature", "properties": { "element": "node", "id": 5226288616, "name": "Designated Public Shelter", "amenity": "place_of_worship", "building": null, "shelter_id": "shelt_117", "sampled_risk": 0.44279999, "is_safe": true, "safety_status": "Operational / Safe" }, "geometry": { "type": "Point", "coordinates": [ 80.1589142, 12.9364219 ] } },
{ "type": "Feature", "properties": { "element": "node", "id": 5226289023, "name": "Saviour Jesus Matriculation Higher Secondary School", "amenity": "school", "building": null, "shelter_id": "shelt_118", "sampled_risk": 0.43270001, "is_safe": true, "safety_status": "Operational / Safe" }, "geometry": { "type": "Point", "coordinates": [ 80.1502698, 12.9428412 ] } },
{ "type": "Feature", "properties": { "element": "node", "id": 5234697494, "name": "Designated Public Shelter", "amenity": "place_of_worship", "building": null, "shelter_id": "shelt_119", "sampled_risk": 0.4267, "is_safe": true, "safety_status": "Operational / Safe" }, "geometry": { "type": "Point", "coordinates": [ 80.1568868, 12.9363428 ] } },
{ "type": "Feature", "properties": { "element": "node", "id": 5234697499, "name": "Shikshaa Matriculation Higher Secondary School", "amenity": "school", "building": null, "shelter_id": "shelt_120", "sampled_risk": 0.4831, "is_safe": true, "safety_status": "Operational / Safe" }, "geometry": { "type": "Point", "coordinates": [ 80.1561516, 12.9404891 ] } },
{ "type": "Feature", "properties": { "element": "node", "id": 5234772953, "name": "Designated Public Shelter", "amenity": "place_of_worship", "building": null, "shelter_id": "shelt_121", "sampled_risk": 0.44760001, "is_safe": true, "safety_status": "Operational / Safe" }, "geometry": { "type": "Point", "coordinates": [ 80.150588, 12.943069 ] } },
{ "type": "Feature", "properties": { "element": "node", "id": 5246576324, "name": "Designated Public Shelter", "amenity": "school", "building": null, "shelter_id": "shelt_122", "sampled_risk": 0.51429999, "is_safe": true, "safety_status": "Operational / Safe" }, "geometry": { "type": "Point", "coordinates": [ 80.1168286, 12.9229848 ] } },
{ "type": "Feature", "properties": { "element": "node", "id": 5246586022, "name": "Designated Public Shelter", "amenity": "place_of_worship", "building": null, "shelter_id": "shelt_123", "sampled_risk": 0.50770003, "is_safe": true, "safety_status": "Operational / Safe" }, "geometry": { "type": "Point", "coordinates": [ 80.1160928, 12.9194808 ] } },
{ "type": "Feature", "properties": { "element": "node", "id": 5246751821, "name": "Christ king metric hr sec school", "amenity": "school", "building": null, "shelter_id": "shelt_124", "sampled_risk": 0.49810001, "is_safe": true, "safety_status": "Operational / Safe" }, "geometry": { "type": "Point", "coordinates": [ 80.1163643, 12.9221572 ] } },
{ "type": "Feature", "properties": { "element": "node", "id": 5246751822, "name": "Bethany House of worship பெத்தானியா ஆராதனை வீடு", "amenity": "place_of_worship", "building": "house", "shelter_id": "shelt_125", "sampled_risk": 0.52319998, "is_safe": true, "safety_status": "Operational / Safe" }, "geometry": { "type": "Point", "coordinates": [ 80.1158578, 12.9182943 ] } },
{ "type": "Feature", "properties": { "element": "node", "id": 5246751823, "name": "St Mary's metric hr sec school", "amenity": "school", "building": null, "shelter_id": "shelt_126", "sampled_risk": 0.53759998, "is_safe": false, "safety_status": "Inundation Risk / Unsafe" }, "geometry": { "type": "Point", "coordinates": [ 80.1155469, 12.9170277 ] } },
{ "type": "Feature", "properties": { "element": "node", "id": 5246751824, "name": "CSI Middle school", "amenity": "school", "building": null, "shelter_id": "shelt_127", "sampled_risk": 0.53070003, "is_safe": true, "safety_status": "Operational / Safe" }, "geometry": { "type": "Point", "coordinates": [ 80.1156075, 12.9161721 ] } },
{ "type": "Feature", "properties": { "element": "node", "id": 5246751825, "name": "Church of Jesus the Saviour", "amenity": "place_of_worship", "building": "house", "shelter_id": "shelt_128", "sampled_risk": 0.53390002, "is_safe": true, "safety_status": "Operational / Safe" }, "geometry": { "type": "Point", "coordinates": [ 80.115592, 12.9161188 ] } },
{ "type": "Feature", "properties": { "element": "node", "id": 5258898323, "name": "Designated Public Shelter", "amenity": "community_centre", "building": null, "shelter_id": "shelt_129", "sampled_risk": 0.51539999, "is_safe": true, "safety_status": "Operational / Safe" }, "geometry": { "type": "Point", "coordinates": [ 80.1445979, 12.9167242 ] } },
{ "type": "Feature", "properties": { "element": "node", "id": 5258898326, "name": "Designated Public Shelter", "amenity": "community_centre", "building": null, "shelter_id": "shelt_130", "sampled_risk": 0.48679999, "is_safe": true, "safety_status": "Operational / Safe" }, "geometry": { "type": "Point", "coordinates": [ 80.1433321, 12.9105302 ] } },
{ "type": "Feature", "properties": { "element": "node", "id": 5259058324, "name": "Advent Christ Church", "amenity": "place_of_worship", "building": null, "shelter_id": "shelt_131", "sampled_risk": 0.58429998, "is_safe": false, "safety_status": "Inundation Risk / Unsafe" }, "geometry": { "type": "Point", "coordinates": [ 80.1522386, 12.8852076 ] } },
{ "type": "Feature", "properties": { "element": "node", "id": 5259058621, "name": "Designated Public Shelter", "amenity": "place_of_worship", "building": null, "shelter_id": "shelt_132", "sampled_risk": 0.612, "is_safe": false, "safety_status": "Inundation Risk / Unsafe" }, "geometry": { "type": "Point", "coordinates": [ 80.148687, 12.887133 ] } },
{ "type": "Feature", "properties": { "element": "node", "id": 5259088434, "name": "Designated Public Shelter", "amenity": "school", "building": null, "shelter_id": "shelt_133", "sampled_risk": 0.49349999, "is_safe": true, "safety_status": "Operational / Safe" }, "geometry": { "type": "Point", "coordinates": [ 80.1524806, 12.8839707 ] } },
{ "type": "Feature", "properties": { "element": "node", "id": 5259099366, "name": "Irakalamman temple", "amenity": "place_of_worship", "building": null, "shelter_id": "shelt_134", "sampled_risk": 0.50889999, "is_safe": true, "safety_status": "Operational / Safe" }, "geometry": { "type": "Point", "coordinates": [ 80.1572316, 12.8842718 ] } },
{ "type": "Feature", "properties": { "element": "node", "id": 5259099542, "name": "Designated Public Shelter", "amenity": "place_of_worship", "building": null, "shelter_id": "shelt_135", "sampled_risk": 0.491, "is_safe": true, "safety_status": "Operational / Safe" }, "geometry": { "type": "Point", "coordinates": [ 80.1579114, 12.8838538 ] } },
{ "type": "Feature", "properties": { "element": "node", "id": 5259141321, "name": "Karu Mari Amman Temple", "amenity": "place_of_worship", "building": null, "shelter_id": "shelt_136", "sampled_risk": 0.50830001, "is_safe": true, "safety_status": "Operational / Safe" }, "geometry": { "type": "Point", "coordinates": [ 80.1448505, 12.9170193 ] } },
{ "type": "Feature", "properties": { "element": "node", "id": 5302938623, "name": "Sai baba temple", "amenity": "place_of_worship", "building": "yes", "shelter_id": "shelt_137", "sampled_risk": 0.52749997, "is_safe": true, "safety_status": "Operational / Safe" }, "geometry": { "type": "Point", "coordinates": [ 80.1267106, 12.9241702 ] } },
{ "type": "Feature", "properties": { "element": "node", "id": 5302949922, "name": "St Mark matric school", "amenity": "school", "building": null, "shelter_id": "shelt_138", "sampled_risk": 0.50620002, "is_safe": true, "safety_status": "Operational / Safe" }, "geometry": { "type": "Point", "coordinates": [ 80.1429628, 12.9223303 ] } },
{ "type": "Feature", "properties": { "element": "node", "id": 5302954421, "name": "Designated Public Shelter", "amenity": "place_of_worship", "building": "church", "shelter_id": "shelt_139", "sampled_risk": 0.5169, "is_safe": true, "safety_status": "Operational / Safe" }, "geometry": { "type": "Point", "coordinates": [ 80.127181, 12.9239876 ] } },
{ "type": "Feature", "properties": { "element": "node", "id": 5304399844, "name": "The Free(ing) Church", "amenity": "place_of_worship", "building": null, "shelter_id": "shelt_140", "sampled_risk": 0.54409999, "is_safe": false, "safety_status": "Inundation Risk / Unsafe" }, "geometry": { "type": "Point", "coordinates": [ 80.1142533, 12.9245832 ] } },
{ "type": "Feature", "properties": { "element": "node", "id": 5311605323, "name": "Vinayagar Temple", "amenity": "place_of_worship", "building": null, "shelter_id": "shelt_141", "sampled_risk": 0.52359998, "is_safe": true, "safety_status": "Operational / Safe" }, "geometry": { "type": "Point", "coordinates": [ 80.1295121, 12.9339311 ] } },
{ "type": "Feature", "properties": { "element": "node", "id": 5313567021, "name": "Dhamma Setu Vipassana Center", "amenity": "community_centre", "building": null, "shelter_id": "shelt_142", "sampled_risk": 0.5934, "is_safe": false, "safety_status": "Inundation Risk / Unsafe" }, "geometry": { "type": "Point", "coordinates": [ 80.0936155, 12.9649935 ] } },
{ "type": "Feature", "properties": { "element": "node", "id": 5635159954, "name": "Designated Public Shelter", "amenity": "place_of_worship", "building": null, "shelter_id": "shelt_143", "sampled_risk": 0.3748, "is_safe": true, "safety_status": "Operational / Safe" }, "geometry": { "type": "Point", "coordinates": [ 80.0543663, 12.8492548 ] } },
{ "type": "Feature", "properties": { "element": "node", "id": 5756218859, "name": "Community Network Possible Places", "amenity": "community_centre", "building": null, "shelter_id": "shelt_144", "sampled_risk": 0.48469999, "is_safe": true, "safety_status": "Operational / Safe" }, "geometry": { "type": "Point", "coordinates": [ 80.2055283, 12.8710918 ] } },
{ "type": "Feature", "properties": { "element": "node", "id": 5802044854, "name": "Vishnu Maya Amman Temple", "amenity": "place_of_worship", "building": null, "shelter_id": "shelt_145", "sampled_risk": 0.57980001, "is_safe": false, "safety_status": "Inundation Risk / Unsafe" }, "geometry": { "type": "Point", "coordinates": [ 80.2083566, 12.9228988 ] } },
{ "type": "Feature", "properties": { "element": "node", "id": 5963981285, "name": "பகிர்ந்து உண்", "amenity": "community_centre", "building": null, "shelter_id": "shelt_146", "sampled_risk": 0.5169, "is_safe": true, "safety_status": "Operational / Safe" }, "geometry": { "type": "Point", "coordinates": [ 80.1286389, 12.9271815 ] } },
{ "type": "Feature", "properties": { "element": "node", "id": 6018896390, "name": "Designated Public Shelter", "amenity": "place_of_worship", "building": null, "shelter_id": "shelt_147", "sampled_risk": 0.3547, "is_safe": true, "safety_status": "Operational / Safe" }, "geometry": { "type": "Point", "coordinates": [ 80.0896695, 12.8973689 ] } },
{ "type": "Feature", "properties": { "element": "node", "id": 6087420486, "name": "Designated Public Shelter", "amenity": "community_centre", "building": null, "shelter_id": "shelt_148", "sampled_risk": 0.40540001, "is_safe": true, "safety_status": "Operational / Safe" }, "geometry": { "type": "Point", "coordinates": [ 80.0953569, 12.9226473 ] } },
{ "type": "Feature", "properties": { "element": "node", "id": 6509123205, "name": "Vinayagar Temple", "amenity": "place_of_worship", "building": null, "shelter_id": "shelt_149", "sampled_risk": 0.64700001, "is_safe": false, "safety_status": "Inundation Risk / Unsafe" }, "geometry": { "type": "Point", "coordinates": [ 80.1990359, 12.9685307 ] } },
{ "type": "Feature", "properties": { "element": "node", "id": 6509146346, "name": "Sri Ponniamman Koil", "amenity": "place_of_worship", "building": null, "shelter_id": "shelt_150", "sampled_risk": 0.6419, "is_safe": false, "safety_status": "Inundation Risk / Unsafe" }, "geometry": { "type": "Point", "coordinates": [ 80.1960379, 12.9654724 ] } },
{ "type": "Feature", "properties": { "element": "node", "id": 6510202754, "name": "Lord Perumal and Anjaneyar Temple", "amenity": "place_of_worship", "building": null, "shelter_id": "shelt_151", "sampled_risk": 0.66280001, "is_safe": false, "safety_status": "Inundation Risk / Unsafe" }, "geometry": { "type": "Point", "coordinates": [ 80.2014418, 12.9676432 ] } },
{ "type": "Feature", "properties": { "element": "node", "id": 6510202758, "name": "Lord Vinayagar Temple", "amenity": "place_of_worship", "building": null, "shelter_id": "shelt_152", "sampled_risk": 0.65020001, "is_safe": false, "safety_status": "Inundation Risk / Unsafe" }, "geometry": { "type": "Point", "coordinates": [ 80.2011722, 12.9699486 ] } },
{ "type": "Feature", "properties": { "element": "node", "id": 6510202763, "name": "Sri Kalyana Kandhaswamy Temple", "amenity": "place_of_worship", "building": null, "shelter_id": "shelt_153", "sampled_risk": 0.65069997, "is_safe": false, "safety_status": "Inundation Risk / Unsafe" }, "geometry": { "type": "Point", "coordinates": [ 80.1972079, 12.9661598 ] } },
{ "type": "Feature", "properties": { "element": "node", "id": 6541757669, "name": "Selva Vinagayar shrine", "amenity": "place_of_worship", "building": null, "shelter_id": "shelt_154", "sampled_risk": 0.37509999, "is_safe": true, "safety_status": "Operational / Safe" }, "geometry": { "type": "Point", "coordinates": [ 80.0608946, 12.8541172 ] } },
{ "type": "Feature", "properties": { "element": "node", "id": 6778952547, "name": "Vinayagar Shrine", "amenity": "place_of_worship", "building": null, "shelter_id": "shelt_155", "sampled_risk": 0.41139999, "is_safe": true, "safety_status": "Operational / Safe" }, "geometry": { "type": "Point", "coordinates": [ 80.0835586, 12.8708906 ] } },
{ "type": "Feature", "properties": { "element": "node", "id": 6778952552, "name": "Pathalathamman Temple", "amenity": "place_of_worship", "building": null, "shelter_id": "shelt_156", "sampled_risk": 0.43959999, "is_safe": true, "safety_status": "Operational / Safe" }, "geometry": { "type": "Point", "coordinates": [ 80.0802051, 12.8658502 ] } },
{ "type": "Feature", "properties": { "element": "node", "id": 7134517787, "name": "Designated Public Shelter", "amenity": "school", "building": null, "shelter_id": "shelt_157", "sampled_risk": 0.57230002, "is_safe": false, "safety_status": "Inundation Risk / Unsafe" }, "geometry": { "type": "Point", "coordinates": [ 80.1016436, 12.9418372 ] } },
{ "type": "Feature", "properties": { "element": "node", "id": 7242264020, "name": "Om Sri Sakthi Vinayagar Temple", "amenity": "place_of_worship", "building": null, "shelter_id": "shelt_158", "sampled_risk": 0.6552, "is_safe": false, "safety_status": "Inundation Risk / Unsafe" }, "geometry": { "type": "Point", "coordinates": [ 80.2137168, 12.9735804 ] } },
{ "type": "Feature", "properties": { "element": "node", "id": 7595437026, "name": "Gurudwara", "amenity": "place_of_worship", "building": null, "shelter_id": "shelt_159", "sampled_risk": 0.46439999, "is_safe": true, "safety_status": "Operational / Safe" }, "geometry": { "type": "Point", "coordinates": [ 80.1421363, 12.9119372 ] } },
{ "type": "Feature", "properties": { "element": "node", "id": 7652449747, "name": "Ayyappan Temple", "amenity": "place_of_worship", "building": null, "shelter_id": "shelt_160", "sampled_risk": 0.6196, "is_safe": false, "safety_status": "Inundation Risk / Unsafe" }, "geometry": { "type": "Point", "coordinates": [ 80.1903252, 12.9650235 ] } },
{ "type": "Feature", "properties": { "element": "node", "id": 7652557453, "name": "VempuliAmman Temple", "amenity": "place_of_worship", "building": null, "shelter_id": "shelt_161", "sampled_risk": 0.62300003, "is_safe": false, "safety_status": "Inundation Risk / Unsafe" }, "geometry": { "type": "Point", "coordinates": [ 80.1961407, 12.9618372 ] } },
{ "type": "Feature", "properties": { "element": "node", "id": 7967920592, "name": "Vinayanagar Temple", "amenity": "place_of_worship", "building": null, "shelter_id": "shelt_162", "sampled_risk": 0.4183, "is_safe": true, "safety_status": "Operational / Safe" }, "geometry": { "type": "Point", "coordinates": [ 80.0560997, 12.8520149 ] } },
{ "type": "Feature", "properties": { "element": "node", "id": 8097081417, "name": "Designated Public Shelter", "amenity": "place_of_worship", "building": null, "shelter_id": "shelt_163", "sampled_risk": 0.54259998, "is_safe": false, "safety_status": "Inundation Risk / Unsafe" }, "geometry": { "type": "Point", "coordinates": [ 80.1285844, 12.932362 ] } },
{ "type": "Feature", "properties": { "element": "node", "id": 8099414241, "name": "Sri Lakshmi Kuberar Temple", "amenity": "place_of_worship", "building": null, "shelter_id": "shelt_164", "sampled_risk": 0.51789999, "is_safe": true, "safety_status": "Operational / Safe" }, "geometry": { "type": "Point", "coordinates": [ 80.1364639, 12.865767 ] } },
{ "type": "Feature", "properties": { "element": "node", "id": 8133342295, "name": "Designated Public Shelter", "amenity": "place_of_worship", "building": null, "shelter_id": "shelt_165", "sampled_risk": 0.55339998, "is_safe": false, "safety_status": "Inundation Risk / Unsafe" }, "geometry": { "type": "Point", "coordinates": [ 80.1833485, 12.9741502 ] } },
{ "type": "Feature", "properties": { "element": "node", "id": 8597345825, "name": "Prince Srivari Vidyalaya", "amenity": "school", "building": null, "shelter_id": "shelt_166", "sampled_risk": 0.64060003, "is_safe": false, "safety_status": "Inundation Risk / Unsafe" }, "geometry": { "type": "Point", "coordinates": [ 80.1942822, 12.969047 ] } },
{ "type": "Feature", "properties": { "element": "node", "id": 8597345826, "name": "Shri Venkateshwara Highter Secondary School", "amenity": "school", "building": null, "shelter_id": "shelt_167", "sampled_risk": 0.63980001, "is_safe": false, "safety_status": "Inundation Risk / Unsafe" }, "geometry": { "type": "Point", "coordinates": [ 80.1949092, 12.9694645 ] } },
{ "type": "Feature", "properties": { "element": "node", "id": 8628194990, "name": "Holy Family Convent Matric. Hr. Sec. School", "amenity": "school", "building": null, "shelter_id": "shelt_168", "sampled_risk": 0.59420002, "is_safe": false, "safety_status": "Inundation Risk / Unsafe" }, "geometry": { "type": "Point", "coordinates": [ 80.18651, 12.9602888 ] } },
{ "type": "Feature", "properties": { "element": "node", "id": 8653966796, "name": "Designated Public Shelter", "amenity": "place_of_worship", "building": null, "shelter_id": "shelt_169", "sampled_risk": 0.61970001, "is_safe": false, "safety_status": "Inundation Risk / Unsafe" }, "geometry": { "type": "Point", "coordinates": [ 80.2008666, 12.9798406 ] } },
{ "type": "Feature", "properties": { "element": "node", "id": 8669165861, "name": "Gangaiamman Temple", "amenity": "place_of_worship", "building": null, "shelter_id": "shelt_170", "sampled_risk": 0.57309997, "is_safe": false, "safety_status": "Inundation Risk / Unsafe" }, "geometry": { "type": "Point", "coordinates": [ 80.1858143, 12.9690306 ] } },
{ "type": "Feature", "properties": { "element": "node", "id": 8669165865, "name": "Government Higher Secondary School", "amenity": "school", "building": null, "shelter_id": "shelt_171", "sampled_risk": 0.55690002, "is_safe": false, "safety_status": "Inundation Risk / Unsafe" }, "geometry": { "type": "Point", "coordinates": [ 80.1849511, 12.9689235 ] } },
{ "type": "Feature", "properties": { "element": "node", "id": 8669165867, "name": "Government Primary School", "amenity": "school", "building": null, "shelter_id": "shelt_172", "sampled_risk": 0.56080002, "is_safe": false, "safety_status": "Inundation Risk / Unsafe" }, "geometry": { "type": "Point", "coordinates": [ 80.1844534, 12.9688048 ] } },
{ "type": "Feature", "properties": { "element": "node", "id": 8669165868, "name": "Designated Public Shelter", "amenity": "place_of_worship", "building": null, "shelter_id": "shelt_173", "sampled_risk": 0.5589, "is_safe": false, "safety_status": "Inundation Risk / Unsafe" }, "geometry": { "type": "Point", "coordinates": [ 80.1841571, 12.9686441 ] } },
{ "type": "Feature", "properties": { "element": "node", "id": 8669165869, "name": "Designated Public Shelter", "amenity": "place_of_worship", "building": null, "shelter_id": "shelt_174", "sampled_risk": 0.51490003, "is_safe": true, "safety_status": "Operational / Safe" }, "geometry": { "type": "Point", "coordinates": [ 80.1828694, 12.9651825 ] } },
{ "type": "Feature", "properties": { "element": "node", "id": 8888373943, "name": "Irani Amman Temple", "amenity": "place_of_worship", "building": null, "shelter_id": "shelt_175", "sampled_risk": 0.3547, "is_safe": true, "safety_status": "Operational / Safe" }, "geometry": { "type": "Point", "coordinates": [ 80.0896454, 12.897501 ] } },
{ "type": "Feature", "properties": { "element": "node", "id": 9104442740, "name": "LLM Church", "amenity": "place_of_worship", "building": null, "shelter_id": "shelt_176", "sampled_risk": 0.54909998, "is_safe": false, "safety_status": "Inundation Risk / Unsafe" }, "geometry": { "type": "Point", "coordinates": [ 80.2066033, 12.9053685 ] } },
{ "type": "Feature", "properties": { "element": "node", "id": 9378879818, "name": "The School - KFI", "amenity": "school", "building": null, "shelter_id": "shelt_177", "sampled_risk": 0.5108, "is_safe": true, "safety_status": "Operational / Safe" }, "geometry": { "type": "Point", "coordinates": [ 80.2050179, 12.8438802 ] } },
{ "type": "Feature", "properties": { "element": "node", "id": 9391105251, "name": "Nadar Sangam Matric Hr Sec School", "amenity": "school", "building": null, "shelter_id": "shelt_178", "sampled_risk": 0.4086, "is_safe": true, "safety_status": "Operational / Safe" }, "geometry": { "type": "Point", "coordinates": [ 80.138181, 12.9761444 ] } },
{ "type": "Feature", "properties": { "element": "node", "id": 9439466837, "name": "Bishop Heber Chapel", "amenity": "place_of_worship", "building": null, "shelter_id": "shelt_179", "sampled_risk": 0.53890002, "is_safe": false, "safety_status": "Inundation Risk / Unsafe" }, "geometry": { "type": "Point", "coordinates": [ 80.1238826, 12.9188484 ] } },
{ "type": "Feature", "properties": { "element": "node", "id": 9548040879, "name": "Agastheeswarar Temple", "amenity": "place_of_worship", "building": null, "shelter_id": "shelt_180", "sampled_risk": 0.434, "is_safe": true, "safety_status": "Operational / Safe" }, "geometry": { "type": "Point", "coordinates": [ 80.161851, 12.9479956 ] } },
{ "type": "Feature", "properties": { "element": "node", "id": 9920576202, "name": "Temple", "amenity": "place_of_worship", "building": null, "shelter_id": "shelt_181", "sampled_risk": 0.57730001, "is_safe": false, "safety_status": "Inundation Risk / Unsafe" }, "geometry": { "type": "Point", "coordinates": [ 80.2032388, 12.9435431 ] } },
{ "type": "Feature", "properties": { "element": "node", "id": 9920582502, "name": "Netaji Vidyalaya School", "amenity": "school", "building": null, "shelter_id": "shelt_182", "sampled_risk": 0.57560003, "is_safe": false, "safety_status": "Inundation Risk / Unsafe" }, "geometry": { "type": "Point", "coordinates": [ 80.1928444, 12.9430359 ] } },
{ "type": "Feature", "properties": { "element": "node", "id": 9920610609, "name": "Bhavani Amman Temple", "amenity": "place_of_worship", "building": null, "shelter_id": "shelt_183", "sampled_risk": 0.50770003, "is_safe": true, "safety_status": "Operational / Safe" }, "geometry": { "type": "Point", "coordinates": [ 80.1816509, 12.9571409 ] } },
{ "type": "Feature", "properties": { "element": "node", "id": 11521276770, "name": "Designated Public Shelter", "amenity": "community_centre", "building": null, "shelter_id": "shelt_184", "sampled_risk": 0.54170001, "is_safe": false, "safety_status": "Inundation Risk / Unsafe" }, "geometry": { "type": "Point", "coordinates": [ 80.1918796, 12.9135314 ] } },
{ "type": "Feature", "properties": { "element": "node", "id": 11695898569, "name": "Designated Public Shelter", "amenity": "community_centre", "building": null, "shelter_id": "shelt_185", "sampled_risk": 0.53460002, "is_safe": true, "safety_status": "Operational / Safe" }, "geometry": { "type": "Point", "coordinates": [ 80.1918825, 12.9152689 ] } },
{ "type": "Feature", "properties": { "element": "node", "id": 11699821870, "name": "Designated Public Shelter", "amenity": "community_centre", "building": null, "shelter_id": "shelt_186", "sampled_risk": 0.46309999, "is_safe": true, "safety_status": "Operational / Safe" }, "geometry": { "type": "Point", "coordinates": [ 80.1480506, 12.9223656 ] } },
{ "type": "Feature", "properties": { "element": "node", "id": 11703493086, "name": "SKB Vidhyashram Play School - எஸ்கேபி வித்யாஸ்ரம் பிளே ஸ்கூல்", "amenity": "school", "building": null, "shelter_id": "shelt_187", "sampled_risk": 0.44710001, "is_safe": true, "safety_status": "Operational / Safe" }, "geometry": { "type": "Point", "coordinates": [ 80.0925259, 12.9218101 ] } },
{ "type": "Feature", "properties": { "element": "node", "id": 11704042281, "name": "The Great Lakshmi Ganapathi Temple - கிரேட் லட்சுமி கணபதி கோயில்", "amenity": "place_of_worship", "building": null, "shelter_id": "shelt_188", "sampled_risk": 0.43970001, "is_safe": true, "safety_status": "Operational / Safe" }, "geometry": { "type": "Point", "coordinates": [ 80.0930055, 12.9229947 ] } },
{ "type": "Feature", "properties": { "element": "node", "id": 11704186122, "name": "CSI St.Paul's Church", "amenity": "place_of_worship", "building": null, "shelter_id": "shelt_189", "sampled_risk": 0.56230003, "is_safe": false, "safety_status": "Inundation Risk / Unsafe" }, "geometry": { "type": "Point", "coordinates": [ 80.1839503, 12.9517604 ] } },
{ "type": "Feature", "properties": { "element": "node", "id": 11768452797, "name": "مسجد ہادی", "amenity": "place_of_worship", "building": null, "shelter_id": "shelt_190", "sampled_risk": 0.66339999, "is_safe": false, "safety_status": "Inundation Risk / Unsafe" }, "geometry": { "type": "Point", "coordinates": [ 80.2079454, 12.9726493 ] } },
{ "type": "Feature", "properties": { "element": "node", "id": 11917025570, "name": "Designated Public Shelter", "amenity": "school", "building": null, "shelter_id": "shelt_191", "sampled_risk": 0.54900002, "is_safe": false, "safety_status": "Inundation Risk / Unsafe" }, "geometry": { "type": "Point", "coordinates": [ 80.1918098, 12.9129483 ] } },
{ "type": "Feature", "properties": { "element": "node", "id": 11998911907, "name": "LILY OF THE VALLEY FULL GOSPEL CHURCH", "amenity": "place_of_worship", "building": null, "shelter_id": "shelt_192", "sampled_risk": 0.44949999, "is_safe": true, "safety_status": "Operational / Safe" }, "geometry": { "type": "Point", "coordinates": [ 80.1986604, 12.8537314 ] } },
{ "type": "Feature", "properties": { "element": "node", "id": 12043476596, "name": "Sri Sidhi Vinayakar Temple", "amenity": "place_of_worship", "building": null, "shelter_id": "shelt_193", "sampled_risk": 0.49610001, "is_safe": true, "safety_status": "Operational / Safe" }, "geometry": { "type": "Point", "coordinates": [ 80.1264213, 12.8368924 ] } },
{ "type": "Feature", "properties": { "element": "node", "id": 12100785013, "name": "Karumari Amman Thirukovil", "amenity": "place_of_worship", "building": null, "shelter_id": "shelt_194", "sampled_risk": 0.47060001, "is_safe": true, "safety_status": "Operational / Safe" }, "geometry": { "type": "Point", "coordinates": [ 80.1602979, 12.9097806 ] } },
{ "type": "Feature", "properties": { "element": "node", "id": 12103741413, "name": "Magizh Mahal Thirumana Mandapam", "amenity": "community_centre", "building": null, "shelter_id": "shelt_195", "sampled_risk": 0.28479999, "is_safe": true, "safety_status": "Operational / Safe" }, "geometry": { "type": "Point", "coordinates": [ 80.1422422, 12.9581488 ] } },
{ "type": "Feature", "properties": { "element": "node", "id": 12103741414, "name": "Sri Gangaiamman Aalayam", "amenity": "place_of_worship", "building": null, "shelter_id": "shelt_196", "sampled_risk": 0.43009999, "is_safe": true, "safety_status": "Operational / Safe" }, "geometry": { "type": "Point", "coordinates": [ 80.1431, 12.9368414 ] } },
{ "type": "Feature", "properties": { "element": "node", "id": 12103741415, "name": "Sri Devi Muthalamman Aalayam", "amenity": "place_of_worship", "building": null, "shelter_id": "shelt_197", "sampled_risk": 0.44980001, "is_safe": true, "safety_status": "Operational / Safe" }, "geometry": { "type": "Point", "coordinates": [ 80.1430503, 12.9361118 ] } },
{ "type": "Feature", "properties": { "element": "node", "id": 12407599025, "name": "Chemical department", "amenity": "school", "building": null, "shelter_id": "shelt_198", "sampled_risk": 0.49680001, "is_safe": true, "safety_status": "Operational / Safe" }, "geometry": { "type": "Point", "coordinates": [ 80.215186, 12.8703348 ] } },
{ "type": "Feature", "properties": { "element": "node", "id": 12513296201, "name": "Medavakkam Cooperative Society", "amenity": "community_centre", "building": null, "shelter_id": "shelt_199", "sampled_risk": 0.54220003, "is_safe": false, "safety_status": "Inundation Risk / Unsafe" }, "geometry": { "type": "Point", "coordinates": [ 80.1922426, 12.9147924 ] } },
{ "type": "Feature", "properties": { "element": "node", "id": 12538730838, "name": "Siva Vishnu Temple", "amenity": "place_of_worship", "building": null, "shelter_id": "shelt_200", "sampled_risk": 0.2956, "is_safe": true, "safety_status": "Operational / Safe" }, "geometry": { "type": "Point", "coordinates": [ 80.0716808, 12.9093848 ] } },
{ "type": "Feature", "properties": { "element": "node", "id": 12894184501, "name": "Zemcode Medical Coding Training", "amenity": "school", "building": null, "shelter_id": "shelt_201", "sampled_risk": 0.57440001, "is_safe": false, "safety_status": "Inundation Risk / Unsafe" }, "geometry": { "type": "Point", "coordinates": [ 80.1945578, 12.9156431 ] } },
{ "type": "Feature", "properties": { "element": "node", "id": 13277057412, "name": "Shiva Temple", "amenity": "place_of_worship", "building": null, "shelter_id": "shelt_202", "sampled_risk": 0.49540001, "is_safe": true, "safety_status": "Operational / Safe" }, "geometry": { "type": "Point", "coordinates": [ 80.0448996, 12.8212805 ] } },
{ "type": "Feature", "properties": { "element": "node", "id": 13390341655, "name": "BrightPath Play School", "amenity": "school", "building": null, "shelter_id": "shelt_203", "sampled_risk": 0.65810001, "is_safe": false, "safety_status": "Inundation Risk / Unsafe" }, "geometry": { "type": "Point", "coordinates": [ 80.2149276, 12.96562 ] } },
{ "type": "Feature", "properties": { "element": "node", "id": 13712036201, "name": "சமுதாய நலக்கூடம்", "amenity": "community_centre", "building": null, "shelter_id": "shelt_204", "sampled_risk": 0.54220003, "is_safe": false, "safety_status": "Inundation Risk / Unsafe" }, "geometry": { "type": "Point", "coordinates": [ 80.192248, 12.9148633 ] } },
{ "type": "Feature", "properties": { "element": "node", "id": 13742820653, "name": "Krishnan kovil", "amenity": "place_of_worship", "building": null, "shelter_id": "shelt_205", "sampled_risk": 0.53689998, "is_safe": false, "safety_status": "Inundation Risk / Unsafe" }, "geometry": { "type": "Point", "coordinates": [ 80.1344945, 12.938356 ] } },
{ "type": "Feature", "properties": { "element": "node", "id": 13898851358, "name": "Chitlapakkam School Ground", "amenity": "school", "building": null, "shelter_id": "shelt_206", "sampled_risk": 0.51929998, "is_safe": true, "safety_status": "Operational / Safe" }, "geometry": { "type": "Point", "coordinates": [ 80.1356223, 12.9374699 ] } },
{ "type": "Feature", "properties": { "element": "node", "id": 13931255798, "name": "Mohana Convention Hall", "amenity": "community_centre", "building": null, "shelter_id": "shelt_207", "sampled_risk": 0.65460002, "is_safe": false, "safety_status": "Inundation Risk / Unsafe" }, "geometry": { "type": "Point", "coordinates": [ 80.2193731, 12.9785576 ] } },
{ "type": "Feature", "properties": { "element": "node", "id": 13951916801, "name": "Sree Devi Mahal", "amenity": "townhall", "building": null, "shelter_id": "shelt_208", "sampled_risk": 0.50929999, "is_safe": true, "safety_status": "Operational / Safe" }, "geometry": { "type": "Point", "coordinates": [ 80.1422574, 12.922372 ] } },
{ "type": "Feature", "properties": { "element": "node", "id": 13987389711, "name": "Sri Vidhur Hall", "amenity": "community_centre", "building": null, "shelter_id": "shelt_209", "sampled_risk": 0.39039999, "is_safe": true, "safety_status": "Operational / Safe" }, "geometry": { "type": "Point", "coordinates": [ 80.1606686, 12.9547251 ] } },
{ "type": "Feature", "properties": { "element": "node", "id": 14007669958, "name": "Sri Devi Eri kaththa Ellaiyamman aalayam", "amenity": "place_of_worship", "building": null, "shelter_id": "shelt_210", "sampled_risk": 0.54110003, "is_safe": false, "safety_status": "Inundation Risk / Unsafe" }, "geometry": { "type": "Point", "coordinates": [ 80.1305686, 12.9356566 ] } },
{ "type": "Feature", "properties": { "element": "node", "id": 14023772959, "name": "Sri Kailasanathar Temple", "amenity": "place_of_worship", "building": null, "shelter_id": "shelt_211", "sampled_risk": 0.4738, "is_safe": true, "safety_status": "Operational / Safe" }, "geometry": { "type": "Point", "coordinates": [ 80.2170945, 12.8385871 ] } },
{ "type": "Feature", "properties": { "element": "node", "id": 14053904708, "name": "ஸ்ரீ சித்தி விநாயகர் ஆலயம்", "amenity": "place_of_worship", "building": null, "shelter_id": "shelt_212", "sampled_risk": 0.45750001, "is_safe": true, "safety_status": "Operational / Safe" }, "geometry": { "type": "Point", "coordinates": [ 80.138413, 12.9729371 ] } },
{ "type": "Feature", "properties": { "element": "node", "id": 14056067072, "name": "ஸ்ரீ மங்கள கணபதி ஆலயம்", "amenity": "place_of_worship", "building": null, "shelter_id": "shelt_213", "sampled_risk": 0.42829999, "is_safe": true, "safety_status": "Operational / Safe" }, "geometry": { "type": "Point", "coordinates": [ 80.1479878, 12.9699997 ] } },
{ "type": "Feature", "properties": { "element": "node", "id": 14056448056, "name": "ஸ்ரீ தேவி ரேணுகா அம்மன் ஆலயம்", "amenity": "place_of_worship", "building": null, "shelter_id": "shelt_214", "sampled_risk": 0.45469999, "is_safe": true, "safety_status": "Operational / Safe" }, "geometry": { "type": "Point", "coordinates": [ 80.1464729, 12.9700551 ] } },
{ "type": "Feature", "properties": { "element": "node", "id": 14085585052, "name": "Sri sivasakthi vinayagar murugar templr", "amenity": "place_of_worship", "building": null, "shelter_id": "shelt_215", "sampled_risk": 0.6049, "is_safe": false, "safety_status": "Inundation Risk / Unsafe" }, "geometry": { "type": "Point", "coordinates": [ 80.1193671, 12.9243299 ] } },
{ "type": "Feature", "properties": { "element": "node", "id": 14099346545, "name": "Vinayagar Temple", "amenity": "place_of_worship", "building": null, "shelter_id": "shelt_216", "sampled_risk": 0.44369999, "is_safe": true, "safety_status": "Operational / Safe" }, "geometry": { "type": "Point", "coordinates": [ 80.0846371, 12.8151226 ] } },
{ "type": "Feature", "properties": { "element": "way", "id": 23251115, "name": "Designated Public Shelter", "amenity": "school", "building": null, "shelter_id": "shelt_217", "sampled_risk": 0.48140001, "is_safe": true, "safety_status": "Operational / Safe" }, "geometry": { "type": "Point", "coordinates": [ 80.142969040090222, 12.945020222930792 ] } },
{ "type": "Feature", "properties": { "element": "way", "id": 25618840, "name": "Modern Senior Secondary School", "amenity": "school", "building": null, "shelter_id": "shelt_218", "sampled_risk": 0.54350001, "is_safe": false, "safety_status": "Inundation Risk / Unsafe" }, "geometry": { "type": "Point", "coordinates": [ 80.185427786125132, 12.973932288689308 ] } },
{ "type": "Feature", "properties": { "element": "way", "id": 25619926, "name": "Modern Senior Secondary School (Primary)", "amenity": "school", "building": null, "shelter_id": "shelt_219", "sampled_risk": 0.53680003, "is_safe": false, "safety_status": "Inundation Risk / Unsafe" }, "geometry": { "type": "Point", "coordinates": [ 80.184662908730914, 12.974683219463156 ] } },
{ "type": "Feature", "properties": { "element": "way", "id": 28262235, "name": "Kendriya Vidyalaya No 1 & 2, AFS", "amenity": "school", "building": null, "shelter_id": "shelt_220", "sampled_risk": 0.51270002, "is_safe": true, "safety_status": "Operational / Safe" }, "geometry": { "type": "Point", "coordinates": [ 80.149051373355832, 12.913629178792583 ] } },
{ "type": "Feature", "properties": { "element": "way", "id": 28405012, "name": "The Hindu Colony Chellammal Vidyalaya Senior Secondary School", "amenity": "school", "building": null, "shelter_id": "shelt_221", "sampled_risk": 0.46219999, "is_safe": true, "safety_status": "Operational / Safe" }, "geometry": { "type": "Point", "coordinates": [ 80.183942932917944, 12.978555716318562 ] } },
{ "type": "Feature", "properties": { "element": "way", "id": 28405027, "name": "New Prince Matriculation Higher Secondary School", "amenity": "school", "building": null, "shelter_id": "shelt_222", "sampled_risk": 0.58789998, "is_safe": false, "safety_status": "Inundation Risk / Unsafe" }, "geometry": { "type": "Point", "coordinates": [ 80.19661678053194, 12.977160875893507 ] } },
{ "type": "Feature", "properties": { "element": "way", "id": 28405056, "name": "Sai Matriculation Higher Secondary School", "amenity": "school", "building": null, "shelter_id": "shelt_223", "sampled_risk": 0.59140003, "is_safe": false, "safety_status": "Inundation Risk / Unsafe" }, "geometry": { "type": "Point", "coordinates": [ 80.191345515350775, 12.96803017399497 ] } },
{ "type": "Feature", "properties": { "element": "way", "id": 43755429, "name": "Designated Public Shelter", "amenity": "place_of_worship", "building": null, "shelter_id": "shelt_224", "sampled_risk": 0.41170001, "is_safe": true, "safety_status": "Operational / Safe" }, "geometry": { "type": "Point", "coordinates": [ 80.137890115481738, 12.946531480983865 ] } },
{ "type": "Feature", "properties": { "element": "way", "id": 43826805, "name": "ayyasami school", "amenity": "school", "building": null, "shelter_id": "shelt_225", "sampled_risk": 0.45179999, "is_safe": true, "safety_status": "Operational / Safe" }, "geometry": { "type": "Point", "coordinates": [ 80.14105723302734, 12.94329361595417 ] } },
{ "type": "Feature", "properties": { "element": "way", "id": 43826806, "name": "NSN school", "amenity": "school", "building": null, "shelter_id": "shelt_226", "sampled_risk": 0.44150001, "is_safe": true, "safety_status": "Operational / Safe" }, "geometry": { "type": "Point", "coordinates": [ 80.141687397493016, 12.942693188924014 ] } },
{ "type": "Feature", "properties": { "element": "way", "id": 86251017, "name": "Sooriamman Temple", "amenity": "place_of_worship", "building": null, "shelter_id": "shelt_227", "sampled_risk": 0.3962, "is_safe": true, "safety_status": "Operational / Safe" }, "geometry": { "type": "Point", "coordinates": [ 80.132506704362058, 12.972042279491346 ] } },
{ "type": "Feature", "properties": { "element": "way", "id": 98357283, "name": "Urapakkam High School", "amenity": "school", "building": null, "shelter_id": "shelt_228", "sampled_risk": 0.4154, "is_safe": true, "safety_status": "Operational / Safe" }, "geometry": { "type": "Point", "coordinates": [ 80.076882120579469, 12.865273155947477 ] } },
{ "type": "Feature", "properties": { "element": "way", "id": 98357341, "name": "Dhenupureeswarar Temple", "amenity": "place_of_worship", "building": null, "shelter_id": "shelt_229", "sampled_risk": 0.50989997, "is_safe": true, "safety_status": "Operational / Safe" }, "geometry": { "type": "Point", "coordinates": [ 80.160239164159549, 12.898639818003568 ] } },
{ "type": "Feature", "properties": { "element": "way", "id": 100554435, "name": "Police Academy", "amenity": "school", "building": null, "shelter_id": "shelt_230", "sampled_risk": 0.3378, "is_safe": true, "safety_status": "Operational / Safe" }, "geometry": { "type": "Point", "coordinates": [ 80.098274521243965, 12.856492982449593 ] } },
{ "type": "Feature", "properties": { "element": "way", "id": 122770270, "name": "Government Girls Higher Secondary School", "amenity": "school", "building": null, "shelter_id": "shelt_231", "sampled_risk": 0.35389999, "is_safe": true, "safety_status": "Operational / Safe" }, "geometry": { "type": "Point", "coordinates": [ 80.060411350365285, 12.840480830753702 ] } },
{ "type": "Feature", "properties": { "element": "way", "id": 123059912, "name": "Government Boys Higher Secondary School", "amenity": "school", "building": "no", "shelter_id": "shelt_232", "sampled_risk": 0.35609999, "is_safe": true, "safety_status": "Operational / Safe" }, "geometry": { "type": "Point", "coordinates": [ 80.062781043339172, 12.841663080202173 ] } },
{ "type": "Feature", "properties": { "element": "way", "id": 179246857, "name": "Goverment School", "amenity": "school", "building": null, "shelter_id": "shelt_233", "sampled_risk": 0.579, "is_safe": false, "safety_status": "Inundation Risk / Unsafe" }, "geometry": { "type": "Point", "coordinates": [ 80.191409193933936, 12.942916146980631 ] } },
{ "type": "Feature", "properties": { "element": "way", "id": 180213913, "name": "Sri Neela Varna Perumal Temple", "amenity": "place_of_worship", "building": null, "shelter_id": "shelt_234", "sampled_risk": 0.48649999, "is_safe": true, "safety_status": "Operational / Safe" }, "geometry": { "type": "Point", "coordinates": [ 80.175933008662142, 12.938872080801119 ] } },
{ "type": "Feature", "properties": { "element": "way", "id": 188162845, "name": "Shri A. Ganesan Matriculation Higher Secondary School", "amenity": "school", "building": null, "shelter_id": "shelt_235", "sampled_risk": 0.65439999, "is_safe": false, "safety_status": "Inundation Risk / Unsafe" }, "geometry": { "type": "Point", "coordinates": [ 80.220298486747581, 12.972653495137303 ] } },
{ "type": "Feature", "properties": { "element": "way", "id": 188582620, "name": "Ganesh Temple", "amenity": "place_of_worship", "building": null, "shelter_id": "shelt_236", "sampled_risk": 0.48809999, "is_safe": true, "safety_status": "Operational / Safe" }, "geometry": { "type": "Point", "coordinates": [ 80.042968174574071, 12.823177466413675 ] } },
{ "type": "Feature", "properties": { "element": "way", "id": 203214270, "name": "A School", "amenity": "school", "building": null, "shelter_id": "shelt_237", "sampled_risk": 0.71859998, "is_safe": false, "safety_status": "Inundation Risk / Unsafe" }, "geometry": { "type": "Point", "coordinates": [ 80.198788833192907, 12.940963591410968 ] } },
{ "type": "Feature", "properties": { "element": "way", "id": 203214534, "name": "Shri Aadhipureeswarar Temple", "amenity": "place_of_worship", "building": "yes", "shelter_id": "shelt_238", "sampled_risk": 0.71899998, "is_safe": false, "safety_status": "Inundation Risk / Unsafe" }, "geometry": { "type": "Point", "coordinates": [ 80.203557293495621, 12.934546463220334 ] } },
{ "type": "Feature", "properties": { "element": "way", "id": 237099388, "name": "HLC International", "amenity": "school", "building": null, "shelter_id": "shelt_239", "sampled_risk": 0.48019999, "is_safe": true, "safety_status": "Operational / Safe" }, "geometry": { "type": "Point", "coordinates": [ 80.206711953615553, 12.862508710519011 ] } },
{ "type": "Feature", "properties": { "element": "way", "id": 265587323, "name": "St. Mary's Matriculation Hr. Sec School", "amenity": "school", "building": "yes", "shelter_id": "shelt_240", "sampled_risk": 0.39669999, "is_safe": true, "safety_status": "Operational / Safe" }, "geometry": { "type": "Point", "coordinates": [ 80.066212043812143, 12.837074140693792 ] } },
{ "type": "Feature", "properties": { "element": "way", "id": 274932901, "name": "Pudupakkam Aanjaneya Temple", "amenity": "place_of_worship", "building": "yes", "shelter_id": "shelt_241", "sampled_risk": 0.43900001, "is_safe": true, "safety_status": "Operational / Safe" }, "geometry": { "type": "Point", "coordinates": [ 80.190451050372275, 12.808698795674557 ] } },
{ "type": "Feature", "properties": { "element": "way", "id": 297184670, "name": "Vidya Mandir @ Estancia", "amenity": "school", "building": null, "shelter_id": "shelt_242", "sampled_risk": 0.498, "is_safe": true, "safety_status": "Operational / Safe" }, "geometry": { "type": "Point", "coordinates": [ 80.04814220250509, 12.827902315058436 ] } },
{ "type": "Feature", "properties": { "element": "way", "id": 297184907, "name": "MCC Campus School", "amenity": "school", "building": null, "shelter_id": "shelt_243", "sampled_risk": 0.56260002, "is_safe": false, "safety_status": "Inundation Risk / Unsafe" }, "geometry": { "type": "Point", "coordinates": [ 80.126635834513181, 12.922136564199313 ] } },
{ "type": "Feature", "properties": { "element": "way", "id": 297497481, "name": "Sri Sankara Vidyalaya Matriculation Higher Secondary School", "amenity": "school", "building": null, "shelter_id": "shelt_244", "sampled_risk": 0.5456, "is_safe": false, "safety_status": "Inundation Risk / Unsafe" }, "geometry": { "type": "Point", "coordinates": [ 80.131976046711301, 12.923274530964408 ] } },
{ "type": "Feature", "properties": { "element": "way", "id": 297497796, "name": "Christ King Girls Higher Secondary School Ground", "amenity": "school", "building": null, "shelter_id": "shelt_245", "sampled_risk": 0.52069998, "is_safe": true, "safety_status": "Operational / Safe" }, "geometry": { "type": "Point", "coordinates": [ 80.13187461490547, 12.922244222024093 ] } },
{ "type": "Feature", "properties": { "element": "way", "id": 297497842, "name": "Sita devi garodia hindu vidyalaya play ground", "amenity": "school", "building": null, "shelter_id": "shelt_246", "sampled_risk": 0.4957, "is_safe": true, "safety_status": "Operational / Safe" }, "geometry": { "type": "Point", "coordinates": [ 80.128613956328778, 12.925572590529802 ] } },
{ "type": "Feature", "properties": { "element": "way", "id": 297691511, "name": "Corley Higher Secondary School Ground", "amenity": "school", "building": null, "shelter_id": "shelt_247", "sampled_risk": 0.5151, "is_safe": true, "safety_status": "Operational / Safe" }, "geometry": { "type": "Point", "coordinates": [ 80.116351163246861, 12.916977648024849 ] } },
{ "type": "Feature", "properties": { "element": "way", "id": 297708173, "name": "St Mathew's Church", "amenity": "place_of_worship", "building": "yes", "shelter_id": "shelt_248", "sampled_risk": 0.59549999, "is_safe": false, "safety_status": "Inundation Risk / Unsafe" }, "geometry": { "type": "Point", "coordinates": [ 80.128011448885019, 12.919855623178458 ] } },
{ "type": "Feature", "properties": { "element": "way", "id": 301242245, "name": "Jaigopal Garodia National Higher Secondary School", "amenity": "school", "building": null, "shelter_id": "shelt_249", "sampled_risk": 0.5643, "is_safe": false, "safety_status": "Inundation Risk / Unsafe" }, "geometry": { "type": "Point", "coordinates": [ 80.128763180271108, 12.931597460944877 ] } },
{ "type": "Feature", "properties": { "element": "way", "id": 319251656, "name": "Shridi Saibaba Temple", "amenity": "place_of_worship", "building": "yes", "shelter_id": "shelt_250", "sampled_risk": 0.51980001, "is_safe": true, "safety_status": "Operational / Safe" }, "geometry": { "type": "Point", "coordinates": [ 80.191801175615481, 12.909606598702487 ] } },
{ "type": "Feature", "properties": { "element": "way", "id": 331955100, "name": "Advent Christian Church", "amenity": "place_of_worship", "building": "yes", "shelter_id": "shelt_251", "sampled_risk": 0.54089999, "is_safe": false, "safety_status": "Inundation Risk / Unsafe" }, "geometry": { "type": "Point", "coordinates": [ 80.200255081905027, 12.907233767448458 ] } },
{ "type": "Feature", "properties": { "element": "way", "id": 335568735, "name": "Sri Ranganatha Perumal Temple", "amenity": "place_of_worship", "building": "yes", "shelter_id": "shelt_252", "sampled_risk": 0.51010001, "is_safe": true, "safety_status": "Operational / Safe" }, "geometry": { "type": "Point", "coordinates": [ 80.114479529584742, 12.963615401684473 ] } },
{ "type": "Feature", "properties": { "element": "way", "id": 335568737, "name": "Sri Anjaneya Swamy Sannidhanam", "amenity": "place_of_worship", "building": "yes", "shelter_id": "shelt_253", "sampled_risk": 0.51560003, "is_safe": true, "safety_status": "Operational / Safe" }, "geometry": { "type": "Point", "coordinates": [ 80.11421755, 12.96270805 ] } },
{ "type": "Feature", "properties": { "element": "way", "id": 354570442, "name": "Shri Nagathamman Temple", "amenity": "place_of_worship", "building": "yes", "shelter_id": "shelt_254", "sampled_risk": 0.61519998, "is_safe": false, "safety_status": "Inundation Risk / Unsafe" }, "geometry": { "type": "Point", "coordinates": [ 80.191799299999985, 12.95481235 ] } },
{ "type": "Feature", "properties": { "element": "way", "id": 354741855, "name": "Shri Shanthinath Jain Shwetambar Mandir", "amenity": "place_of_worship", "building": "yes", "shelter_id": "shelt_255", "sampled_risk": 0.57599998, "is_safe": false, "safety_status": "Inundation Risk / Unsafe" }, "geometry": { "type": "Point", "coordinates": [ 80.116193776796393, 12.930312854421425 ] } },
{ "type": "Feature", "properties": { "element": "way", "id": 354747631, "name": "Shree Aayee Mataji Temple", "amenity": "place_of_worship", "building": "yes", "shelter_id": "shelt_256", "sampled_risk": 0.51749998, "is_safe": true, "safety_status": "Operational / Safe" }, "geometry": { "type": "Point", "coordinates": [ 80.189850696746475, 12.970070756703992 ] } },
{ "type": "Feature", "properties": { "element": "way", "id": 354748230, "name": "Karthikeyapuram Co-Operative Community Hall", "amenity": "community_centre", "building": "yes", "shelter_id": "shelt_257", "sampled_risk": 0.6221, "is_safe": false, "safety_status": "Inundation Risk / Unsafe" }, "geometry": { "type": "Point", "coordinates": [ 80.19356715, 12.96227735 ] } },
{ "type": "Feature", "properties": { "element": "way", "id": 354815062, "name": "Siva Vishnu Temple", "amenity": "place_of_worship", "building": "yes", "shelter_id": "shelt_258", "sampled_risk": 0.6397, "is_safe": false, "safety_status": "Inundation Risk / Unsafe" }, "geometry": { "type": "Point", "coordinates": [ 80.199008025341186, 12.958169305093895 ] } },
{ "type": "Feature", "properties": { "element": "way", "id": 354821962, "name": "Thrisulanathar Temple", "amenity": "place_of_worship", "building": null, "shelter_id": "shelt_259", "sampled_risk": 0.42289999, "is_safe": true, "safety_status": "Operational / Safe" }, "geometry": { "type": "Point", "coordinates": [ 80.165972965775225, 12.97351878106547 ] } },
{ "type": "Feature", "properties": { "element": "way", "id": 354834094, "name": "Shree Aanandha Jothi Vinayagar Srinivasa Perumal Temple", "amenity": "place_of_worship", "building": "temple", "shelter_id": "shelt_260", "sampled_risk": 0.46250001, "is_safe": true, "safety_status": "Operational / Safe" }, "geometry": { "type": "Point", "coordinates": [ 80.138377787481787, 12.940130576276758 ] } },
{ "type": "Feature", "properties": { "element": "way", "id": 354834141, "name": "Vaikunda Parameshwari Amman Kovil", "amenity": "place_of_worship", "building": "yes", "shelter_id": "shelt_261", "sampled_risk": 0.41229999, "is_safe": true, "safety_status": "Operational / Safe" }, "geometry": { "type": "Point", "coordinates": [ 80.142644850000011, 12.9416973 ] } },
{ "type": "Feature", "properties": { "element": "way", "id": 354834251, "name": "Shree Devi Nagambigai Amman Temple", "amenity": "place_of_worship", "building": "yes", "shelter_id": "shelt_262", "sampled_risk": 0.46830001, "is_safe": true, "safety_status": "Operational / Safe" }, "geometry": { "type": "Point", "coordinates": [ 80.138639017880678, 12.938609777896694 ] } },
{ "type": "Feature", "properties": { "element": "way", "id": 354852792, "name": "Designated Public Shelter", "amenity": "place_of_worship", "building": "yes", "shelter_id": "shelt_263", "sampled_risk": 0.4289, "is_safe": true, "safety_status": "Operational / Safe" }, "geometry": { "type": "Point", "coordinates": [ 80.14292695, 12.94202655 ] } },
{ "type": "Feature", "properties": { "element": "way", "id": 355005849, "name": "Tambaram Sanatorium Manavalakalai Mandram (Temple of consciousness)", "amenity": "place_of_worship", "building": "house", "shelter_id": "shelt_264", "sampled_risk": 0.53430003, "is_safe": true, "safety_status": "Operational / Safe" }, "geometry": { "type": "Point", "coordinates": [ 80.13453585671985, 12.938127871479363 ] } },
{ "type": "Feature", "properties": { "element": "way", "id": 355014887, "name": "Kone Krishna Reddiyar Marriage Hall", "amenity": "community_centre", "building": "yes", "shelter_id": "shelt_265", "sampled_risk": 0.53420001, "is_safe": true, "safety_status": "Operational / Safe" }, "geometry": { "type": "Point", "coordinates": [ 80.106867065578996, 12.925441764228053 ] } },
{ "type": "Feature", "properties": { "element": "way", "id": 355024500, "name": "Arul Murugan Towers", "amenity": "community_centre", "building": null, "shelter_id": "shelt_266", "sampled_risk": 0.39050001, "is_safe": true, "safety_status": "Operational / Safe" }, "geometry": { "type": "Point", "coordinates": [ 80.174952300957557, 12.951723444315725 ] } },
{ "type": "Feature", "properties": { "element": "way", "id": 355044429, "name": "Designated Public Shelter", "amenity": "place_of_worship", "building": "yes", "shelter_id": "shelt_267", "sampled_risk": 0.49919999, "is_safe": true, "safety_status": "Operational / Safe" }, "geometry": { "type": "Point", "coordinates": [ 80.15405365, 12.9396597 ] } },
{ "type": "Feature", "properties": { "element": "way", "id": 355049844, "name": "St. Antony's School", "amenity": "school", "building": "yes", "shelter_id": "shelt_268", "sampled_risk": 0.71929997, "is_safe": false, "safety_status": "Inundation Risk / Unsafe" }, "geometry": { "type": "Point", "coordinates": [ 80.204686780296697, 12.935859977962817 ] } },
{ "type": "Feature", "properties": { "element": "way", "id": 355066096, "name": "Designated Public Shelter", "amenity": "place_of_worship", "building": "yes", "shelter_id": "shelt_269", "sampled_risk": 0.64829999, "is_safe": false, "safety_status": "Inundation Risk / Unsafe" }, "geometry": { "type": "Point", "coordinates": [ 80.21816960000001, 12.9759808 ] } },
{ "type": "Feature", "properties": { "element": "way", "id": 355074680, "name": "NPR Thirumana Mandapam Chennai\nஎன்பிஆர் திருமண மண்டபம் சென்னை", "amenity": "community_centre", "building": "yes", "shelter_id": "shelt_270", "sampled_risk": 0.35800001, "is_safe": true, "safety_status": "Operational / Safe" }, "geometry": { "type": "Point", "coordinates": [ 80.066954368970116, 12.85185801640387 ] } },
{ "type": "Feature", "properties": { "element": "way", "id": 355080768, "name": "Gunalamman temple", "amenity": "place_of_worship", "building": "yes", "shelter_id": "shelt_271", "sampled_risk": 0.64969999, "is_safe": false, "safety_status": "Inundation Risk / Unsafe" }, "geometry": { "type": "Point", "coordinates": [ 80.198574578456885, 12.961745545089155 ] } },
{ "type": "Feature", "properties": { "element": "way", "id": 355085375, "name": "Hindu Colony Community Center", "amenity": "community_centre", "building": "yes", "shelter_id": "shelt_272", "sampled_risk": 0.4727, "is_safe": true, "safety_status": "Operational / Safe" }, "geometry": { "type": "Point", "coordinates": [ 80.18449175, 12.9781931 ] } },
{ "type": "Feature", "properties": { "element": "way", "id": 355097563, "name": "Shiva Vishnu Temple", "amenity": "place_of_worship", "building": "yes", "shelter_id": "shelt_273", "sampled_risk": 0.31959999, "is_safe": true, "safety_status": "Operational / Safe" }, "geometry": { "type": "Point", "coordinates": [ 80.130238030574418, 12.970353402934581 ] } },
{ "type": "Feature", "properties": { "element": "way", "id": 355100614, "name": "Meenakshi sundareshwar temple", "amenity": "place_of_worship", "building": "yes", "shelter_id": "shelt_274", "sampled_risk": 0.6523, "is_safe": false, "safety_status": "Inundation Risk / Unsafe" }, "geometry": { "type": "Point", "coordinates": [ 80.20206715, 12.9655294 ] } },
{ "type": "Feature", "properties": { "element": "way", "id": 355490936, "name": "Arulmigu Thiruveethi amman alayam", "amenity": "place_of_worship", "building": "yes", "shelter_id": "shelt_275", "sampled_risk": 0.489, "is_safe": true, "safety_status": "Operational / Safe" }, "geometry": { "type": "Point", "coordinates": [ 80.17898055, 12.91761115 ] } },
{ "type": "Feature", "properties": { "element": "way", "id": 355600307, "name": "Neelanira Umaiammai Udanurai Thiruneelagandeswarar Temple", "amenity": "place_of_worship", "building": "yes", "shelter_id": "shelt_276", "sampled_risk": 0.427, "is_safe": true, "safety_status": "Operational / Safe" }, "geometry": { "type": "Point", "coordinates": [ 80.18211865, 12.96029025 ] } },
{ "type": "Feature", "properties": { "element": "way", "id": 355610397, "name": "Sun Shine Party Hall", "amenity": "community_centre", "building": "yes", "shelter_id": "shelt_277", "sampled_risk": 0.52869999, "is_safe": true, "safety_status": "Operational / Safe" }, "geometry": { "type": "Point", "coordinates": [ 80.113783546563454, 12.924815764560257 ] } },
{ "type": "Feature", "properties": { "element": "way", "id": 355717461, "name": "இனாயத் மஹால்", "amenity": "community_centre", "building": "yes", "shelter_id": "shelt_278", "sampled_risk": 0.45629999, "is_safe": true, "safety_status": "Operational / Safe" }, "geometry": { "type": "Point", "coordinates": [ 80.145695572369007, 12.969821880260728 ] } },
{ "type": "Feature", "properties": { "element": "way", "id": 364507419, "name": "Vinai Theertha Vinayagar Temple", "amenity": "place_of_worship", "building": "yes", "shelter_id": "shelt_279", "sampled_risk": 0.55360001, "is_safe": false, "safety_status": "Inundation Risk / Unsafe" }, "geometry": { "type": "Point", "coordinates": [ 80.106937217731641, 12.925838886128133 ] } },
{ "type": "Feature", "properties": { "element": "way", "id": 369823071, "name": "Sri Neer Vanna Perumal Temple", "amenity": "place_of_worship", "building": "yes", "shelter_id": "shelt_280", "sampled_risk": 0.5413, "is_safe": false, "safety_status": "Inundation Risk / Unsafe" }, "geometry": { "type": "Point", "coordinates": [ 80.113678016132042, 12.962621805980493 ] } },
{ "type": "Feature", "properties": { "element": "way", "id": 369893918, "name": "Srimathi Sundaravalli Memorial School", "amenity": "school", "building": null, "shelter_id": "shelt_281", "sampled_risk": 0.44909999, "is_safe": true, "safety_status": "Operational / Safe" }, "geometry": { "type": "Point", "coordinates": [ 80.13361165776368, 12.956540960643093 ] } },
{ "type": "Feature", "properties": { "element": "way", "id": 370546681, "name": "Sulochana Kalyana Mandapam", "amenity": "community_centre", "building": "yes", "shelter_id": "shelt_282", "sampled_risk": 0.457, "is_safe": true, "safety_status": "Operational / Safe" }, "geometry": { "type": "Point", "coordinates": [ 80.138415435671988, 12.973308864066677 ] } },
{ "type": "Feature", "properties": { "element": "way", "id": 371357265, "name": "St. Francis Church", "amenity": "place_of_worship", "building": "yes", "shelter_id": "shelt_283", "sampled_risk": 0.43349999, "is_safe": true, "safety_status": "Operational / Safe" }, "geometry": { "type": "Point", "coordinates": [ 80.146725430586983, 12.972389697697977 ] } },
{ "type": "Feature", "properties": { "element": "way", "id": 383947594, "name": "Perumal temple", "amenity": "place_of_worship", "building": "yes", "shelter_id": "shelt_284", "sampled_risk": 0.38800001, "is_safe": true, "safety_status": "Operational / Safe" }, "geometry": { "type": "Point", "coordinates": [ 80.092078556911503, 12.90926434612903 ] } },
{ "type": "Feature", "properties": { "element": "way", "id": 393946464, "name": "St. Sebastian Matriculation Higher Secondary School", "amenity": "school", "building": null, "shelter_id": "shelt_285", "sampled_risk": 0.4215, "is_safe": true, "safety_status": "Operational / Safe" }, "geometry": { "type": "Point", "coordinates": [ 80.146556078562512, 12.972669060349988 ] } },
{ "type": "Feature", "properties": { "element": "way", "id": 393946466, "name": "St. Theresa Girls' Higher Secondary School", "amenity": "school", "building": null, "shelter_id": "shelt_286", "sampled_risk": 0.45019999, "is_safe": true, "safety_status": "Operational / Safe" }, "geometry": { "type": "Point", "coordinates": [ 80.145299251948245, 12.971904723412022 ] } },
{ "type": "Feature", "properties": { "element": "way", "id": 396836069, "name": "Sri Subramanya temple", "amenity": "place_of_worship", "building": null, "shelter_id": "shelt_287", "sampled_risk": 0.4815, "is_safe": true, "safety_status": "Operational / Safe" }, "geometry": { "type": "Point", "coordinates": [ 80.219561618695622, 12.895626708388994 ] } },
{ "type": "Feature", "properties": { "element": "way", "id": 396836344, "name": "Designated Public Shelter", "amenity": "school", "building": null, "shelter_id": "shelt_288", "sampled_risk": 0.47029999, "is_safe": true, "safety_status": "Operational / Safe" }, "geometry": { "type": "Point", "coordinates": [ 80.217223144603636, 12.896335934800394 ] } },
{ "type": "Feature", "properties": { "element": "way", "id": 428186169, "name": "Church", "amenity": "place_of_worship", "building": "yes", "shelter_id": "shelt_289", "sampled_risk": 0.44, "is_safe": true, "safety_status": "Operational / Safe" }, "geometry": { "type": "Point", "coordinates": [ 80.042611900000011, 12.95431745 ] } },
{ "type": "Feature", "properties": { "element": "way", "id": 428427513, "name": "Designated Public Shelter", "amenity": "school", "building": null, "shelter_id": "shelt_290", "sampled_risk": 0.4393, "is_safe": true, "safety_status": "Operational / Safe" }, "geometry": { "type": "Point", "coordinates": [ 80.044226720297345, 12.954386096311712 ] } },
{ "type": "Feature", "properties": { "element": "way", "id": 469681593, "name": "Kalgambal Koil", "amenity": "place_of_worship", "building": "yes", "shelter_id": "shelt_291", "sampled_risk": 0.4357, "is_safe": true, "safety_status": "Operational / Safe" }, "geometry": { "type": "Point", "coordinates": [ 80.093258582553958, 12.919359595857271 ] } },
{ "type": "Feature", "properties": { "element": "way", "id": 506142963, "name": "The Pentecostal Mission", "amenity": "place_of_worship", "building": "yes", "shelter_id": "shelt_292", "sampled_risk": 0.44389999, "is_safe": true, "safety_status": "Operational / Safe" }, "geometry": { "type": "Point", "coordinates": [ 80.162666438918365, 12.92760914403898 ] } },
{ "type": "Feature", "properties": { "element": "way", "id": 506143532, "name": "Designated Public Shelter", "amenity": "school", "building": null, "shelter_id": "shelt_293", "sampled_risk": 0.4499, "is_safe": true, "safety_status": "Operational / Safe" }, "geometry": { "type": "Point", "coordinates": [ 80.162440251585849, 12.922960944830292 ] } },
{ "type": "Feature", "properties": { "element": "way", "id": 547423626, "name": "The Pentecostal Mission Church", "amenity": "place_of_worship", "building": "yes", "shelter_id": "shelt_294", "sampled_risk": 0.57, "is_safe": false, "safety_status": "Inundation Risk / Unsafe" }, "geometry": { "type": "Point", "coordinates": [ 80.112777848634593, 12.928893666776352 ] } },
{ "type": "Feature", "properties": { "element": "way", "id": 548104532, "name": "Rajeswari Temple", "amenity": "place_of_worship", "building": "yes", "shelter_id": "shelt_295", "sampled_risk": 0.52740002, "is_safe": true, "safety_status": "Operational / Safe" }, "geometry": { "type": "Point", "coordinates": [ 80.126971072067917, 12.926190716874814 ] } },
{ "type": "Feature", "properties": { "element": "way", "id": 589722657, "name": "Babaji School Play Ground", "amenity": "school", "building": null, "shelter_id": "shelt_296", "sampled_risk": 0.46540001, "is_safe": true, "safety_status": "Operational / Safe" }, "geometry": { "type": "Point", "coordinates": [ 80.218191033269832, 12.896539634083627 ] } },
{ "type": "Feature", "properties": { "element": "way", "id": 625552780, "name": "Designated Public Shelter", "amenity": "place_of_worship", "building": "yes", "shelter_id": "shelt_297", "sampled_risk": 0.375, "is_safe": true, "safety_status": "Operational / Safe" }, "geometry": { "type": "Point", "coordinates": [ 80.037335012637627, 12.915655419869353 ] } },
{ "type": "Feature", "properties": { "element": "way", "id": 646325955, "name": "Church in Stalin Street", "amenity": "place_of_worship", "building": "yes", "shelter_id": "shelt_298", "sampled_risk": 0.44510001, "is_safe": true, "safety_status": "Operational / Safe" }, "geometry": { "type": "Point", "coordinates": [ 80.207934888983999, 12.846475605617529 ] } },
{ "type": "Feature", "properties": { "element": "way", "id": 654102235, "name": "Designated Public Shelter", "amenity": "school", "building": null, "shelter_id": "shelt_299", "sampled_risk": 0.43959999, "is_safe": true, "safety_status": "Operational / Safe" }, "geometry": { "type": "Point", "coordinates": [ 80.119384402375601, 12.895833006271957 ] } },
{ "type": "Feature", "properties": { "element": "way", "id": 692371460, "name": "Sri Maha Sangadahara Ganapathy Temple", "amenity": "place_of_worship", "building": "yes", "shelter_id": "shelt_300", "sampled_risk": 0.57529998, "is_safe": false, "safety_status": "Inundation Risk / Unsafe" }, "geometry": { "type": "Point", "coordinates": [ 80.212502363516464, 12.932281844236504 ] } },
{ "type": "Feature", "properties": { "element": "way", "id": 722677368, "name": "Vinayaka Temple", "amenity": "place_of_worship", "building": "detached", "shelter_id": "shelt_301", "sampled_risk": 0.43959999, "is_safe": true, "safety_status": "Operational / Safe" }, "geometry": { "type": "Point", "coordinates": [ 80.080224849902777, 12.865884073352586 ] } },
{ "type": "Feature", "properties": { "element": "way", "id": 740621661, "name": "Designated Public Shelter", "amenity": "place_of_worship", "building": null, "shelter_id": "shelt_302", "sampled_risk": 0.4267, "is_safe": true, "safety_status": "Operational / Safe" }, "geometry": { "type": "Point", "coordinates": [ 80.05848085, 12.9592299 ] } },
{ "type": "Feature", "properties": { "element": "way", "id": 819430325, "name": "Hanumar Temple", "amenity": "place_of_worship", "building": "yes", "shelter_id": "shelt_303", "sampled_risk": 0.44859999, "is_safe": true, "safety_status": "Operational / Safe" }, "geometry": { "type": "Point", "coordinates": [ 80.143353763969117, 12.943796765708738 ] } },
{ "type": "Feature", "properties": { "element": "way", "id": 819430701, "name": "Sri Chaitanya School", "amenity": "school", "building": null, "shelter_id": "shelt_304", "sampled_risk": 0.3274, "is_safe": true, "safety_status": "Operational / Safe" }, "geometry": { "type": "Point", "coordinates": [ 80.145664862224962, 12.959405450165708 ] } },
{ "type": "Feature", "properties": { "element": "way", "id": 819439666, "name": "Shri Bhavani Amman temple", "amenity": "place_of_worship", "building": "temple", "shelter_id": "shelt_305", "sampled_risk": 0.32749999, "is_safe": true, "safety_status": "Operational / Safe" }, "geometry": { "type": "Point", "coordinates": [ 80.12873728206948, 12.972960201166623 ] } },
{ "type": "Feature", "properties": { "element": "way", "id": 858073024, "name": "Thirumal Marugan Temple", "amenity": "place_of_worship", "building": "yes", "shelter_id": "shelt_306", "sampled_risk": 0.57740003, "is_safe": false, "safety_status": "Inundation Risk / Unsafe" }, "geometry": { "type": "Point", "coordinates": [ 80.189375910913512, 12.975150497534921 ] } },
{ "type": "Feature", "properties": { "element": "way", "id": 895994093, "name": "Designated Public Shelter", "amenity": "school", "building": null, "shelter_id": "shelt_307", "sampled_risk": 0.54949999, "is_safe": false, "safety_status": "Inundation Risk / Unsafe" }, "geometry": { "type": "Point", "coordinates": [ 80.132001903176089, 12.838033308391442 ] } },
{ "type": "Feature", "properties": { "element": "way", "id": 895994094, "name": "Designated Public Shelter", "amenity": "school", "building": null, "shelter_id": "shelt_308", "sampled_risk": 0.54659998, "is_safe": false, "safety_status": "Inundation Risk / Unsafe" }, "geometry": { "type": "Point", "coordinates": [ 80.131845402831019, 12.838271217565563 ] } },
{ "type": "Feature", "properties": { "element": "way", "id": 896205022, "name": "Designated Public Shelter", "amenity": "place_of_worship", "building": "yes", "shelter_id": "shelt_309", "sampled_risk": 0.51660001, "is_safe": true, "safety_status": "Operational / Safe" }, "geometry": { "type": "Point", "coordinates": [ 80.137178599999984, 12.8424466 ] } },
{ "type": "Feature", "properties": { "element": "way", "id": 896205023, "name": "Designated Public Shelter", "amenity": "place_of_worship", "building": "yes", "shelter_id": "shelt_310", "sampled_risk": 0.52819997, "is_safe": true, "safety_status": "Operational / Safe" }, "geometry": { "type": "Point", "coordinates": [ 80.137361211767114, 12.842097340118118 ] } },
{ "type": "Feature", "properties": { "element": "way", "id": 938699837, "name": "Sunshine Senior Secondary School", "amenity": "school", "building": null, "shelter_id": "shelt_311", "sampled_risk": 0.66369998, "is_safe": false, "safety_status": "Inundation Risk / Unsafe" }, "geometry": { "type": "Point", "coordinates": [ 80.209183885192346, 12.973515049490654 ] } },
{ "type": "Feature", "properties": { "element": "way", "id": 941448939, "name": "CSI St. James Church", "amenity": "place_of_worship", "building": "yes", "shelter_id": "shelt_312", "sampled_risk": 0.5952, "is_safe": false, "safety_status": "Inundation Risk / Unsafe" }, "geometry": { "type": "Point", "coordinates": [ 80.194174312359962, 12.978179205213943 ] } },
{ "type": "Feature", "properties": { "element": "way", "id": 943797892, "name": "Designated Public Shelter", "amenity": "school", "building": null, "shelter_id": "shelt_313", "sampled_risk": 0.42590001, "is_safe": true, "safety_status": "Operational / Safe" }, "geometry": { "type": "Point", "coordinates": [ 80.169283047023484, 12.965189239082841 ] } },
{ "type": "Feature", "properties": { "element": "way", "id": 1019183969, "name": "Government High School Grounds", "amenity": "school", "building": null, "shelter_id": "shelt_314", "sampled_risk": 0.71780002, "is_safe": false, "safety_status": "Inundation Risk / Unsafe" }, "geometry": { "type": "Point", "coordinates": [ 80.198688156800571, 12.926210176229814 ] } },
{ "type": "Feature", "properties": { "element": "way", "id": 1034057832, "name": "Government School", "amenity": "school", "building": null, "shelter_id": "shelt_315", "sampled_risk": 0.50919998, "is_safe": true, "safety_status": "Operational / Safe" }, "geometry": { "type": "Point", "coordinates": [ 80.182486091370379, 12.929181711958003 ] } },
{ "type": "Feature", "properties": { "element": "way", "id": 1035172088, "name": "Designated Public Shelter", "amenity": "townhall", "building": null, "shelter_id": "shelt_316", "sampled_risk": 0.63300002, "is_safe": false, "safety_status": "Inundation Risk / Unsafe" }, "geometry": { "type": "Point", "coordinates": [ 80.117877645096755, 12.927962261162929 ] } },
{ "type": "Feature", "properties": { "element": "way", "id": 1035172089, "name": "Designated Public Shelter", "amenity": "school", "building": null, "shelter_id": "shelt_317", "sampled_risk": 0.57679999, "is_safe": false, "safety_status": "Inundation Risk / Unsafe" }, "geometry": { "type": "Point", "coordinates": [ 80.111407839933975, 12.929649478364732 ] } },
{ "type": "Feature", "properties": { "element": "way", "id": 1065784937, "name": "St. Stephen's English Church", "amenity": "place_of_worship", "building": "yes", "shelter_id": "shelt_318", "sampled_risk": 0.32359999, "is_safe": true, "safety_status": "Operational / Safe" }, "geometry": { "type": "Point", "coordinates": [ 80.151330708176417, 12.977499187197864 ] } },
{ "type": "Feature", "properties": { "element": "way", "id": 1065784938, "name": "St. Stephen's Tamil Church", "amenity": "place_of_worship", "building": "yes", "shelter_id": "shelt_319", "sampled_risk": 0.27419999, "is_safe": true, "safety_status": "Operational / Safe" }, "geometry": { "type": "Point", "coordinates": [ 80.153137355756343, 12.972804149716559 ] } },
{ "type": "Feature", "properties": { "element": "way", "id": 1065805299, "name": "St. Sebastian Church", "amenity": "place_of_worship", "building": "yes", "shelter_id": "shelt_320", "sampled_risk": 0.41679999, "is_safe": true, "safety_status": "Operational / Safe" }, "geometry": { "type": "Point", "coordinates": [ 80.112450937109031, 12.90788431739554 ] } },
{ "type": "Feature", "properties": { "element": "way", "id": 1066032473, "name": "Bethania Church", "amenity": "place_of_worship", "building": "yes", "shelter_id": "shelt_321", "sampled_risk": 0.48280001, "is_safe": true, "safety_status": "Operational / Safe" }, "geometry": { "type": "Point", "coordinates": [ 80.206924804507011, 12.857956532157164 ] } },
{ "type": "Feature", "properties": { "element": "way", "id": 1066036336, "name": "Designated Public Shelter", "amenity": "place_of_worship", "building": "yes", "shelter_id": "shelt_322", "sampled_risk": 0.45519999, "is_safe": true, "safety_status": "Operational / Safe" }, "geometry": { "type": "Point", "coordinates": [ 80.190205479679491, 12.853022784094785 ] } },
{ "type": "Feature", "properties": { "element": "way", "id": 1066918399, "name": "Perumbakkam Higher Secondary School", "amenity": "school", "building": null, "shelter_id": "shelt_323", "sampled_risk": 0.53710002, "is_safe": false, "safety_status": "Inundation Risk / Unsafe" }, "geometry": { "type": "Point", "coordinates": [ 80.210441449806694, 12.885755030910255 ] } },
{ "type": "Feature", "properties": { "element": "way", "id": 1066918402, "name": "Masjidul Akbar", "amenity": "place_of_worship", "building": "yes", "shelter_id": "shelt_324", "sampled_risk": 0.4941, "is_safe": true, "safety_status": "Operational / Safe" }, "geometry": { "type": "Point", "coordinates": [ 80.208788313802245, 12.884752902966312 ] } },
{ "type": "Feature", "properties": { "element": "way", "id": 1067160095, "name": "Designated Public Shelter", "amenity": "place_of_worship", "building": "yes", "shelter_id": "shelt_325", "sampled_risk": 0.4614, "is_safe": true, "safety_status": "Operational / Safe" }, "geometry": { "type": "Point", "coordinates": [ 80.218111765041201, 12.87410009585038 ] } },
{ "type": "Feature", "properties": { "element": "way", "id": 1067922685, "name": "Designated Public Shelter", "amenity": "place_of_worship", "building": "yes", "shelter_id": "shelt_326", "sampled_risk": 0.4894, "is_safe": true, "safety_status": "Operational / Safe" }, "geometry": { "type": "Point", "coordinates": [ 80.215520069822333, 12.871431070170539 ] } },
{ "type": "Feature", "properties": { "element": "way", "id": 1067922686, "name": "Designated Public Shelter", "amenity": "place_of_worship", "building": "yes", "shelter_id": "shelt_327", "sampled_risk": 0.489, "is_safe": true, "safety_status": "Operational / Safe" }, "geometry": { "type": "Point", "coordinates": [ 80.215655581580606, 12.871638393008412 ] } },
{ "type": "Feature", "properties": { "element": "way", "id": 1067922687, "name": "Designated Public Shelter", "amenity": "place_of_worship", "building": "yes", "shelter_id": "shelt_328", "sampled_risk": 0.4894, "is_safe": true, "safety_status": "Operational / Safe" }, "geometry": { "type": "Point", "coordinates": [ 80.215566182937366, 12.871190169008406 ] } },
{ "type": "Feature", "properties": { "element": "way", "id": 1080342524, "name": "Designated Public Shelter", "amenity": "place_of_worship", "building": null, "shelter_id": "shelt_329", "sampled_risk": 0.4122, "is_safe": true, "safety_status": "Operational / Safe" }, "geometry": { "type": "Point", "coordinates": [ 80.167557050000013, 12.96684655 ] } },
{ "type": "Feature", "properties": { "element": "way", "id": 1080342525, "name": "Dargah", "amenity": "place_of_worship", "building": null, "shelter_id": "shelt_330", "sampled_risk": 0.42390001, "is_safe": true, "safety_status": "Operational / Safe" }, "geometry": { "type": "Point", "coordinates": [ 80.167686554870784, 12.966550546413616 ] } },
{ "type": "Feature", "properties": { "element": "way", "id": 1080350749, "name": "Designated Public Shelter", "amenity": "place_of_worship", "building": null, "shelter_id": "shelt_331", "sampled_risk": 0.3601, "is_safe": true, "safety_status": "Operational / Safe" }, "geometry": { "type": "Point", "coordinates": [ 80.14460355, 12.96366085 ] } },
{ "type": "Feature", "properties": { "element": "way", "id": 1134233212, "name": "Infant Jesus Church", "amenity": "place_of_worship", "building": "yes", "shelter_id": "shelt_332", "sampled_risk": 0.45230001, "is_safe": true, "safety_status": "Operational / Safe" }, "geometry": { "type": "Point", "coordinates": [ 80.059996380171313, 12.972999537180316 ] } },
{ "type": "Feature", "properties": { "element": "way", "id": 1149837903, "name": "Designated Public Shelter", "amenity": "school", "building": null, "shelter_id": "shelt_333", "sampled_risk": 0.5097, "is_safe": true, "safety_status": "Operational / Safe" }, "geometry": { "type": "Point", "coordinates": [ 80.146516851334084, 12.897029988461515 ] } },
{ "type": "Feature", "properties": { "element": "way", "id": 1185833563, "name": "Kumizhi Shiva Temple, Vedhagirishwarar", "amenity": "place_of_worship", "building": "yes", "shelter_id": "shelt_334", "sampled_risk": 0.514, "is_safe": true, "safety_status": "Operational / Safe" }, "geometry": { "type": "Point", "coordinates": [ 80.110619199999988, 12.80470635 ] } },
{ "type": "Feature", "properties": { "element": "way", "id": 1202517159, "name": "Christwood School", "amenity": "school", "building": null, "shelter_id": "shelt_335", "sampled_risk": 0.49739999, "is_safe": true, "safety_status": "Operational / Safe" }, "geometry": { "type": "Point", "coordinates": [ 80.169294817208737, 12.85992661720381 ] } },
{ "type": "Feature", "properties": { "element": "way", "id": 1236283534, "name": "Designated Public Shelter", "amenity": "place_of_worship", "building": "yes", "shelter_id": "shelt_336", "sampled_risk": 0.4946, "is_safe": true, "safety_status": "Operational / Safe" }, "geometry": { "type": "Point", "coordinates": [ 80.1743972, 12.9098407 ] } },
{ "type": "Feature", "properties": { "element": "way", "id": 1237138893, "name": "Annai Arul Public School", "amenity": "school", "building": null, "shelter_id": "shelt_337", "sampled_risk": 0.47130001, "is_safe": true, "safety_status": "Operational / Safe" }, "geometry": { "type": "Point", "coordinates": [ 80.155310589442436, 12.89568422087865 ] } },
{ "type": "Feature", "properties": { "element": "way", "id": 1262525428, "name": "Designated Public Shelter", "amenity": "school", "building": null, "shelter_id": "shelt_338", "sampled_risk": 0.5244, "is_safe": true, "safety_status": "Operational / Safe" }, "geometry": { "type": "Point", "coordinates": [ 80.173491530048651, 12.839106754646789 ] } },
{ "type": "Feature", "properties": { "element": "way", "id": 1323805507, "name": "Sri Chaitanya Techno School", "amenity": "school", "building": null, "shelter_id": "shelt_339", "sampled_risk": 0.662, "is_safe": false, "safety_status": "Inundation Risk / Unsafe" }, "geometry": { "type": "Point", "coordinates": [ 80.217914641614499, 12.977561195128297 ] } },
{ "type": "Feature", "properties": { "element": "way", "id": 1328504243, "name": "Devi karumari amman temple", "amenity": "place_of_worship", "building": "yes", "shelter_id": "shelt_340", "sampled_risk": 0.64920002, "is_safe": false, "safety_status": "Inundation Risk / Unsafe" }, "geometry": { "type": "Point", "coordinates": [ 80.216889132672421, 12.978313265592041 ] } },
{ "type": "Feature", "properties": { "element": "way", "id": 1328504244, "name": "Ganapathy temple", "amenity": "place_of_worship", "building": "yes", "shelter_id": "shelt_341", "sampled_risk": 0.65609998, "is_safe": false, "safety_status": "Inundation Risk / Unsafe" }, "geometry": { "type": "Point", "coordinates": [ 80.216846435151382, 12.977569545824165 ] } },
{ "type": "Feature", "properties": { "element": "way", "id": 1328504245, "name": "Designated Public Shelter", "amenity": "place_of_worship", "building": "yes", "shelter_id": "shelt_342", "sampled_risk": 0.6552, "is_safe": false, "safety_status": "Inundation Risk / Unsafe" }, "geometry": { "type": "Point", "coordinates": [ 80.218335812107767, 12.979988329767966 ] } },
{ "type": "Feature", "properties": { "element": "way", "id": 1354435861, "name": "Designated Public Shelter", "amenity": "school", "building": null, "shelter_id": "shelt_343", "sampled_risk": 0.63840002, "is_safe": false, "safety_status": "Inundation Risk / Unsafe" }, "geometry": { "type": "Point", "coordinates": [ 80.203464973564195, 12.941772053227938 ] } },
{ "type": "Feature", "properties": { "element": "way", "id": 1354435862, "name": "Designated Public Shelter", "amenity": "school", "building": null, "shelter_id": "shelt_344", "sampled_risk": 0.59719998, "is_safe": false, "safety_status": "Inundation Risk / Unsafe" }, "geometry": { "type": "Point", "coordinates": [ 80.215186863258751, 12.939756444002795 ] } },
{ "type": "Feature", "properties": { "element": "way", "id": 1354435885, "name": "Designated Public Shelter", "amenity": "school", "building": null, "shelter_id": "shelt_345", "sampled_risk": 0.588, "is_safe": false, "safety_status": "Inundation Risk / Unsafe" }, "geometry": { "type": "Point", "coordinates": [ 80.211913888590942, 12.941928478004439 ] } },
{ "type": "Feature", "properties": { "element": "way", "id": 1354443590, "name": "Designated Public Shelter", "amenity": "school", "building": null, "shelter_id": "shelt_346", "sampled_risk": 0.63069999, "is_safe": false, "safety_status": "Inundation Risk / Unsafe" }, "geometry": { "type": "Point", "coordinates": [ 80.204658523295805, 12.953783043667951 ] } },
{ "type": "Feature", "properties": { "element": "way", "id": 1358843508, "name": "Government Higher Secondary School, Otteri", "amenity": "school", "building": null, "shelter_id": "shelt_347", "sampled_risk": 0.4427, "is_safe": true, "safety_status": "Operational / Safe" }, "geometry": { "type": "Point", "coordinates": [ 80.078123533268709, 12.880817857361766 ] } },
{ "type": "Feature", "properties": { "element": "way", "id": 1358843511, "name": "Designated Public Shelter", "amenity": "school", "building": null, "shelter_id": "shelt_348", "sampled_risk": 0.39719999, "is_safe": true, "safety_status": "Operational / Safe" }, "geometry": { "type": "Point", "coordinates": [ 80.077097255409313, 12.881214301602398 ] } },
{ "type": "Feature", "properties": { "element": "way", "id": 1424636706, "name": "Designated Public Shelter", "amenity": "place_of_worship", "building": "yes", "shelter_id": "shelt_349", "sampled_risk": 0.63249999, "is_safe": false, "safety_status": "Inundation Risk / Unsafe" }, "geometry": { "type": "Point", "coordinates": [ 80.196005027876154, 12.964816814421445 ] } },
{ "type": "Feature", "properties": { "element": "way", "id": 1424636718, "name": "Our Lady of Lourdes Church", "amenity": "place_of_worship", "building": null, "shelter_id": "shelt_350", "sampled_risk": 0.61220002, "is_safe": false, "safety_status": "Inundation Risk / Unsafe" }, "geometry": { "type": "Point", "coordinates": [ 80.18903805, 12.9617158 ] } },
{ "type": "Feature", "properties": { "element": "way", "id": 1447068326, "name": "Mosque & Church", "amenity": "place_of_worship", "building": "yes", "shelter_id": "shelt_351", "sampled_risk": 0.47330001, "is_safe": true, "safety_status": "Operational / Safe" }, "geometry": { "type": "Point", "coordinates": [ 80.043668892093322, 12.822734345048101 ] } },
{ "type": "Feature", "properties": { "element": "way", "id": 1447298647, "name": "Sai Temple", "amenity": "place_of_worship", "building": "yes", "shelter_id": "shelt_352", "sampled_risk": 0.53909999, "is_safe": false, "safety_status": "Inundation Risk / Unsafe" }, "geometry": { "type": "Point", "coordinates": [ 80.041626000185474, 12.825105693513388 ] } },
{ "type": "Feature", "properties": { "element": "way", "id": 1485978713, "name": "Madambakkam High School Ground", "amenity": "school", "building": null, "shelter_id": "shelt_353", "sampled_risk": 0.5219, "is_safe": true, "safety_status": "Operational / Safe" }, "geometry": { "type": "Point", "coordinates": [ 80.153051357151213, 12.909011194559797 ] } },
{ "type": "Feature", "properties": { "element": "way", "id": 1529361825, "name": "Shree Shirdi Saibaba Temple", "amenity": "place_of_worship", "building": "yes", "shelter_id": "shelt_354", "sampled_risk": 0.4727, "is_safe": true, "safety_status": "Operational / Safe" }, "geometry": { "type": "Point", "coordinates": [ 80.140671789435004, 12.93329988031307 ] } },
{ "type": "Feature", "properties": { "element": "way", "id": 1529381789, "name": "Sri Angala Parameshwari Amman Temple", "amenity": "place_of_worship", "building": "yes", "shelter_id": "shelt_355", "sampled_risk": 0.56330001, "is_safe": false, "safety_status": "Inundation Risk / Unsafe" }, "geometry": { "type": "Point", "coordinates": [ 80.127365915260029, 12.930510142737248 ] } },
{ "type": "Feature", "properties": { "element": "way", "id": 1530953798, "name": "Shri Thiruvengadamudaiyan Perumal Temple", "amenity": "place_of_worship", "building": null, "shelter_id": "shelt_356", "sampled_risk": 0.4237, "is_safe": true, "safety_status": "Operational / Safe" }, "geometry": { "type": "Point", "coordinates": [ 80.141232409372776, 12.936490172426273 ] } },
{ "type": "Feature", "properties": { "element": "way", "id": 1530953799, "name": "Shree Varasiddhi Vinayagar Temple", "amenity": "place_of_worship", "building": "temple", "shelter_id": "shelt_357", "sampled_risk": 0.4501, "is_safe": true, "safety_status": "Operational / Safe" }, "geometry": { "type": "Point", "coordinates": [ 80.141277176968131, 12.935886237408019 ] } },
{ "type": "Feature", "properties": { "element": "way", "id": 1537446413, "name": "Velammal Vidyalaya CBSE", "amenity": "school", "building": "school", "shelter_id": "shelt_358", "sampled_risk": 0.54909998, "is_safe": false, "safety_status": "Inundation Risk / Unsafe" }, "geometry": { "type": "Point", "coordinates": [ 80.130630029593192, 12.934742871839212 ] } },
{ "type": "Feature", "properties": { "element": "way", "id": 1540938488, "name": "THe PSBB Millenium School", "amenity": "school", "building": null, "shelter_id": "shelt_359", "sampled_risk": 0.51, "is_safe": true, "safety_status": "Operational / Safe" }, "geometry": { "type": "Point", "coordinates": [ 80.20745931300317, 12.874279775617795 ] } },
{ "type": "Feature", "properties": { "element": "way", "id": 1544855935, "name": "Designated Public Shelter", "amenity": "place_of_worship", "building": "yes", "shelter_id": "shelt_360", "sampled_risk": 0.48500001, "is_safe": true, "safety_status": "Operational / Safe" }, "geometry": { "type": "Point", "coordinates": [ 80.178872466666675, 12.918958033333332 ] } },
{ "type": "Feature", "properties": { "element": "way", "id": 1545376185, "name": "ஸ்ரீ சுந்தர மூர்த்தி விநாயகர் ஆலயம்", "amenity": "place_of_worship", "building": "yes", "shelter_id": "shelt_361", "sampled_risk": 0.4375, "is_safe": true, "safety_status": "Operational / Safe" }, "geometry": { "type": "Point", "coordinates": [ 80.146435015386061, 12.971222259456251 ] } },
{ "type": "Feature", "properties": { "element": "way", "id": 1546212099, "name": "Skandashramam Temple", "amenity": "place_of_worship", "building": null, "shelter_id": "shelt_362", "sampled_risk": 0.48840001, "is_safe": true, "safety_status": "Operational / Safe" }, "geometry": { "type": "Point", "coordinates": [ 80.148547271157042, 12.92088902884424 ] } },
{ "type": "Feature", "properties": { "element": "way", "id": 1546615782, "name": "Designated Public Shelter", "amenity": "school", "building": null, "shelter_id": "shelt_363", "sampled_risk": 0.4808, "is_safe": true, "safety_status": "Operational / Safe" }, "geometry": { "type": "Point", "coordinates": [ 80.165795304077477, 12.954081964133945 ] } },
{ "type": "Feature", "properties": { "element": "way", "id": 1546615785, "name": "Preethika Mahal", "amenity": "community_centre", "building": null, "shelter_id": "shelt_364", "sampled_risk": 0.491, "is_safe": true, "safety_status": "Operational / Safe" }, "geometry": { "type": "Point", "coordinates": [ 80.165712662059775, 12.953485008299847 ] } },
{ "type": "Feature", "properties": { "element": "way", "id": 1548157674, "name": "Designated Public Shelter", "amenity": "place_of_worship", "building": "yes", "shelter_id": "shelt_365", "sampled_risk": 0.48370001, "is_safe": true, "safety_status": "Operational / Safe" }, "geometry": { "type": "Point", "coordinates": [ 80.148458668005802, 12.921072447346569 ] } },
{ "type": "Feature", "properties": { "element": "way", "id": 1548157675, "name": "Designated Public Shelter", "amenity": "place_of_worship", "building": "yes", "shelter_id": "shelt_366", "sampled_risk": 0.48370001, "is_safe": true, "safety_status": "Operational / Safe" }, "geometry": { "type": "Point", "coordinates": [ 80.148777434527005, 12.921116791063108 ] } },
{ "type": "Feature", "properties": { "element": "way", "id": 1550260108, "name": "CSI Church of Jesus", "amenity": "place_of_worship", "building": null, "shelter_id": "shelt_367", "sampled_risk": 0.63510001, "is_safe": false, "safety_status": "Inundation Risk / Unsafe" }, "geometry": { "type": "Point", "coordinates": [ 80.117719033542798, 12.92757156553178 ] } }
]
}
